name,address,lat,long,school_distance,baby_school_distance,elderly_center_distance,fire_station_distance,rescue_station_distance,traffic_volume,hydrogen_car_count,population_density
(주)진양가스,서울특별시 강남구 도곡로 142,37.4905598370779,127.03578157505,0.2469156606684512,0.24121504975106192,0.1415687328854163,98.09080460585886,95.73449070972694,63030,269,35556
남서울가스(주),서울특별시 강남구 남부순환로 3154 남서울가스충전소,37.4976977542653,127.075475047487,0.23944989196392819,0.4131664547996087,0.37875952613236663,97.61943717477881,95.44176136723553,163503,269,37098
대치에너지주식회사,서울특별시 강남구 남부순환로 3179,37.4994578330042,127.078164147586,0.27165652774122806,0.5348966704084841,0.5629980689398185,97.45136282036732,95.286921435564,38760,241,28358
복지강남충전소,서울특별시 강남구 밤고개로 200,37.4764893247355,127.105339916765,0.34035884358993856,0.18165330437937022,0.6001089198644943,100.27345834649554,98.20942496903643,70937,269,43382
비자인터내셔날(주) 암사충전소,서울특별시 강동구 올림픽로 791,37.5517674497635,127.127876977193,0.3627913782518054,0.1206165655057686,0.19516302709174455,92.30418878696011,90.41762639198375,159345,273,15069
복지둔촌충전소,서울특별시 강동구 동남로 563,37.525462240934,127.146480415355,0.48340329783113034,0.19680613929432347,0.2654241093316631,95.46091147406617,93.62455315109784,105516,273,24277
서울와사공업(주),서울특별시 강북구 도봉로 318 SK LPG 충전소,37.6362273361225,127.024542355478,0.6677932970094788,0.21973045679148878,0.287274200457691,81.89420492909414,79.57256325213497,46744,41,23778
(주)청학에너지,서울특별시 강북구 한천로 833,37.6282834559839,127.044006981007,0.3078851128940154,0.18999703158427145,0.095061604575458,82.9182930602437,80.6920248061313,46744,84,26066
국제가스공업(주),서울특별시 강북구 덕릉로24길 6,37.6343359745572,127.021859297587,0.36941661293586076,0.2879338140223497,0.16878812766625853,82.08618232433238,79.74926963364788,46744,41,23778
(주)삼표에너지 김포충전소,서울특별시 강서구 오정로 390,37.5381134205516,126.798145355691,2.205991635066799,2.2400287434050745,2.4030885811683595,93.56404462244694,90.20448897304621,26957,265,30927
대흥에너지산업(주),서울특별시 강서구 곰달래로24길 19,37.5297844716161,126.847220516608,0.5202291061929655,0.26407872606983224,0.2610489800789077,93.9488646691556,90.79139285591387,22296,265,52647
공항로충전소,서울특별시 강서구 공항대로 468 공항로충전소,37.5533387242583,126.858631708358,0.10812787553677611,0.24651007222578386,0.2120646191914757,91.2501206861911,88.13139365289838,124750,265,24991
대양가스충전소,서울특별시 강서구 양천로 551 대양가스충전소,37.558446123086,126.860837854796,0.33013397290989804,0.1550889641164545,0.1930893686237742,90.66788664183393,87.55674881951904,124750,265,14678
복지개화충전소,서울특별시 강서구 개화동로 416,37.5749266273701,126.801785113951,0.27529594297918525,0.42970369731196445,0.28271354152408606,89.47545349762272,86.1071382258125,60973,265,23371
대영가스 충전소,서울특별시 강서구 양천로 242 A동(충전소사무동),37.5722554496261,126.830979217067,0.7902853817669911,0.34329779456079,0.2890599185406156,89.42154918744983,86.17701819670158,56170,265,34359
복지마곡충전소,서울특별시 강서구 양천로 200(마곡동),37.5727027510253,126.826111314009,0.6756210075579003,0.20666798553271654,0.3536107419536672,89.42515234760526,86.15978314294964,203027,265,34359
활주로충전소,서울특별시 강서구 방화대로 26,37.5428873943464,126.817079251616,0.7431518984430598,0.6960088219788775,0.6829099846413135,92.80897633744878,89.5224380283658,26957,265,30927
케이와이에너지(주)신림충전소,서울특별시 관악구 신림로 170(신림동),37.4735314984492,126.934085115589,0.29070690674953975,0.09616716505149449,0.2276055358655142,99.73510071284987,96.94432217820834,0,78,23511
명화가스(주),서울특별시 관악구 관악로 96,37.4737978801722,126.953495247442,0.2485929924147836,0.26251443294937093,0.18980571525079687,99.68964058725155,96.9786776870538,100361,78,37132
한양에너지(주),서울특별시 광진구 동일로 381 한양에너지(주),37.565097868775,127.076586700906,0.22864612167648127,0.31422572799683873,0.23921500483132022,90.1981879635129,88.08054641748765,163728,65,38677
개봉충전소,서울특별시 구로구 경인로 364 개봉LPG충전소,37.4965826589845,126.860609293607,0.35646190002003286,0.12008956771474381,0.06905237494080858,97.50967257729464,94.41809134040827,27118,200,25636
대성산업(주)오류동충전소,서울특별시 구로구 경인로8길 31,37.4927944201018,126.837642030891,0.2549906403447592,0.09267417000196507,0.1550464713322391,98.11918195636697,94.93812052600389,36665,200,23332
한일가스산업(주),서울특별시 구로구 경인로 537 한일가스충전소,37.5019226496636,126.877866434506,0.3040566691989962,0.34138310416059614,0.4160281738801161,96.80192720186761,93.77855060589913,57000,200,30093
오승프라임산업(주),서울특별시 구로구 신정로 59 궁동 LPG충전소,37.5070638663697,126.829240476765,0.37059223498650834,0.3803608947241152,0.8305918006555456,96.62544787149768,93.40530652428411,51994,126,50587
(주)중앙에너비스 삼중가스지점,서울특별시 금천구 시흥대로 316,37.4618927116559,126.898499468027,0.4313441770188818,0.23361085693638522,0.2520914233674232,101.1302513373667,98.19693781649723,50601,64,47573
태능가스(주),서울특별시 노원구 화랑로 405 태능가스충전소,37.6170264503253,127.072598126339,0.25157012582373217,0.28423846847041817,0.12153168812264782,84.43420400466127,82.34543769083102,78083,84,29384
복지공릉충전소,서울특별시 노원구 화랑로 826 (공릉동),37.6389357678347,127.109652172998,0.49582912657569445,0.557219209972301,2.3611531104765833,82.49651604129981,80.6265272115737,51450,84,42538
(주)노일가스,서울특별시 노원구 동일로 1601 동일로가스,37.6715477191203,127.055441250864,0.20367313357670852,0.16432009489591654,0.13051992082155786,78.24671790825258,76.1211855779943,87685,84,37857
한영가스충전소,서울특별시 도봉구 도봉로 627 (쌍문동),37.6606567867216,127.04130428144,0.1962768398051272,0.23461032045594699,0.2670837697260165,79.31878954841082,77.10546809104933,46744,47,28410
복지강북충전소,서울특별시 도봉구 도봉로 430 (창동),37.6443707907391,127.032729054163,0.581302477693873,0.10298066047064937,0.18185209948212722,81.05081930093334,78.7781636438973,46744,47,16934
(주)홍릉가스충전소,서울특별시 동대문구 회기로 44 ,37.5911339702017,127.041480734822,0.4968132414292093,0.34229056124388735,0.36010222813665577,87.00410091665613,84.73656495968126,0,73,40111
수도에너지(주)동서울충전소,서울특별시 동대문구 망우로 57,37.5896352280447,127.059464803335,0.34671457043981996,0.09610505693286425,0.3527887584908321,87.32272679926905,85.14283422731904,0,65,21366
장안동가스충전소,서울특별시 동대문구 천호대로 353 장안동가스충전소,37.562969658404,127.058768568774,0.20100066930848626,0.24413855635282325,0.21781494574023622,90.26017602122567,88.05545139327032,47232,65,28530
복지장안충전소,서울특별시 동대문구 한천로 169,37.5761454778909,127.067169764519,0.4379395583492254,0.07618213038196249,0.23195275073844804,88.88471331508568,86.73119702556876,163728,65,18629
동일석유(주)동주충전소,서울특별시 동작구 상도로 74 가동,37.4993638236521,126.928763307943,0.3701201218711184,0.22153120878071247,0.24903650970494692,96.87825428529696,94.06582962267191,69391,128,37056
연일가스산업(주),서울특별시 서대문구 수색로 123 연일가스주유소,37.5736343770326,126.906334323592,0.27712594026525905,0.17830044087539967,0.19106801875245993,88.70940554049214,85.79504743143583,39064,108,17804
수도석유(주)방배충전소,서울특별시 서초구 동작대로 26 수도석유(주)방배충전소,37.478846922911,126.982149992442,0.2073580068854307,0.215984750552742,0.3050228098331388,99.15935214753388,96.56886343448322,95736,128,23009
서초충전소,서울특별시 서초구 남부순환로 2224,37.4731793896239,126.995429646985,0.42341604912902486,0.4553563481363259,0.48531404545359685,99.82360291414786,97.28737013747102,91217,236,17321
(주)에이치앤디이-서울만남의광장,서울특별시 서초구 양재대로12길 73-71 만남의광장,37.4596446385464,127.042624862658,1.2903569027890602,0.6748938004054978,0.7558642907136784,101.557455766851,99.21398804791454,231970,236,21766
서울숲충전소,서울특별시 성동구 왕십리로 124 (성수동1가),37.5488072181522,127.044854882958,0.6056128297230402,0.16529257984256926,0.21410504516849685,91.71001308634303,89.4293532711554,130255,69,12322
대성산업(주)동부충전소,서울특별시 성동구 광나루로 200,37.5504585080032,127.052436623433,0.7652387061699393,0.131130676631229,0.211943051384097,91.58772013987738,89.34371480007378,49392,69,12551
우일에너지(주),서울특별시 성북구 종암로 201 우일에너지,37.6079713666524,127.030402852357,0.09716108836332468,0.344827333162332,0.1583709088148125,85.06071320370512,82.74977354480885,13720,73,21728
(주)장위가스,서울특별시 성북구 화랑로 291,37.6132709443231,127.060639333116,0.3208885917883564,0.21320220165816497,0.18714002139174002,84.72573302721457,82.57219813783279,132385,73,15868
홍익에너지(주),서울특별시 송파구 석촌호수로 242 홍익에너지LPG주유소,37.5080647244607,127.103741467914,0.6169747429014784,0.25454245331125475,0.23527100055854994,96.78140960364908,94.73832888734424,102555,241,34143
오금가스충전소,서울특별시 송파구 마천로 103 오금가스충전소,37.506239602722,127.131641702367,0.2732175750107365,0.14886844326124918,0.23368518506808492,97.34453138937451,95.4249206187957,105516,241,38037
복지잠실충전소,서울특별시 송파구 삼전로 47 잠실복지충전소,37.5034949189958,127.086877565247,0.5035737950249579,0.14477590266505005,0.14862992488641946,97.09499815189402,94.97248676838656,38760,241,28358
복지송파충전소,서울특별시 송파구 위례중앙로 37,37.4755154403755,127.13164827653,0.6509142324552865,0.24397036033229205,0.5484509833640266,100.71259511166478,98.76163908238632,118406,241,29102
목동충전소,서울특별시 양천구 목동로 193 (에스케이충전소),37.5257086769264,126.864158822136,0.23777173570494486,0.1811448819455848,0.3718971720466876,94.26212731859148,91.17592363854294,67316,126,33056
(주)대흥가스,서울특별시 양천구 남부순환로 411 LPG충전소,37.5312308727915,126.831791045703,0.25703724286946916,0.17242249412125668,0.1401837508564776,93.93496270426087,90.71393393757893,28561,126,20343
비케이서비스산업(주),서울특별시 양천구 남부순환로 311 LPG충전소,37.538998108737,126.826734649905,0.18221640138709289,0.15584836116636774,0.3181525835949651,93.13103951771309,89.88573155865436,28561,265,36236
(주)남양가스,서울특별시 양천구 남부순환로 538 남양가스충전소,37.5207011056356,126.83742671953,0.36768473730302365,0.15481604890929612,0.09888720640930929,95.04126773699122,91.84773079530375,103550,126,19199
수도에너지(주),서울특별시 양천구 신정로 146,37.5070068119478,126.838977504559,0.4904360197861426,0.3513480214179162,0.26235411755984134,96.538072339758,93.35649484265791,51994,126,50587
복지신정충전소,"서울특별시 양천구 안양천로 669 (신정동, 외5필지)",37.50710107946,126.870995526971,0.5673164987000776,0.3275982107432208,0.40286105043839526,96.27265283283491,93.21996382111352,57000,126,28579
양평동충전소,서울특별시 영등포구 선유로 157 LPG 충전소,37.5280403794609,126.891021037809,0.24075998209368965,0.20027073453682734,0.1583851826753365,93.83464585938371,90.86039155124246,60425,126,40737
기린에너지,서울특별시 영등포구 선유로52길 5 기린충전소,37.536236791966,126.899143618611,0.3777012667957811,0.31792074387731784,0.205582103668285,92.8865197211077,89.94556321247913,128203,177,22583
(주)세지,서울특별시 영등포구 선유로 37 세지충전소,37.5174413381018,126.888594168258,0.2772282955877341,0.1270821154078426,0.2533377253256928,95.02172087233458,92.03927029795138,134976,177,32540
신흥에너지산업(주),서울특별시 은평구 수색로 199 신흥에너지산업,37.5789769418095,126.900319747164,0.5298660925104106,0.08204425823242992,0.19862473573256087,88.1439930367294,85.20164468951016,39064,134,13210
(주)풍림에너지,서울특별시 중랑구 동일로 553,37.5796855718927,127.079232188375,0.33104121714858403,0.25954289161292227,0.08775183878815702,88.61919935094181,86.52769923974975,163728,59,14836
망우충전소,서울특별시 중랑구 망우로 449,37.6006676333535,127.101862137537,0.2765470340931179,0.14636545112637525,0.16778702088476238,86.58376130840787,84.62643309016916,145433,59,38205
동일석유(주)황금충전소,서울특별시 중랑구 망우로 209,37.5941757814607,127.07594887553,0.5024300990693072,0.13914634101772363,0.13535902852677276,86.98752478593862,84.89351535375259,132385,59,24926
신내LPG충전소,서울특별시 중랑구 용마산로 691,37.6128164609389,127.100946121544,0.5378175653250994,0.13945790772710281,0.5018610595409484,85.23844608680926,83.29052786035001,53465,59,38205
현대오일뱅크(주) 직영소월길주유소,서울특별시 용산구 소월로66,37.5544085670544,126.977734582566,0.48822611537776006,0.26432971974805974,0.3016796557740175,90.76610340287809,88.17642595469844,10413,58,5222
선익상사(주) 동자동주유소,서울특별시 용산구 한강대로 104길 6,37.5502005044121,126.972417738531,0.4583084756607119,0.1732441353048926,0.12643066189921498,91.22370439820939,88.60854765576848,58445,93,7552
현대오일뱅크㈜ 직영갈월동주유소,서울특별시 용산구 한강대로 322,37.5470289447515,126.972228457829,0.3940723478681688,0.3262177865943768,0.1639910202734156,91.57537000039314,88.95857020425659,10413,93,19833
서계주유소,서울특별시 용산구 청파로 367,37.5523662854224,126.968993700509,0.5209311972651733,0.1426170451778349,0.2647791817114625,90.9786129383454,88.34833231125687,19163,58,12338
㈜영원에너지 풍기주유소,서울특별시 용산구 원효로178,37.5355890312127,126.962708973419,0.18537814478063042,0.243096255716441,0.24354447467207635,92.83449301622659,90.17235123661395,55718,93,11664
㈜신태성주유소,서울특별시 용산구 원효로 147,37.5347149768812,126.959447976925,0.4327247824829977,0.19102330280471885,0.16654314791087385,92.92967696898869,90.25284654155199,55718,93,11664
현대오일뱅크㈜ 직영강변주유소,서울특별시 용산구 원효로 9,37.5347144223748,126.945724077622,0.538978109171114,0.2237446034415405,0.1841972544972717,92.93175625170724,90.19405653964319,124183,186,21118
한국석유공업㈜ 한석주유소,서울특별시 용산구 이촌로 164,37.5215921464571,126.965360511446,0.3488739019544478,0.26812998261898163,0.4706696759652656,94.3900267388367,91.73697174925057,103647,93,22886
(주)중앙에너비스 한남지점,서울특별시 용산구 한남대로 21길 4,37.534722862601,127.006107972676,0.4993364171962431,0.0921245311297371,0.2552053421329024,93.03896723366914,90.57203714801722,18881,93,22054
한남제3한강주유소 주식회사,서울특별시 용산구 한남대로 45,37.5328793337278,127.007511314705,0.721966880428915,0.24610697927923694,0.09704119587369887,93.24943253789345,90.78808069367336,18881,93,22054
주식회사 중앙에너비스 에너비스,서울특별시 용산구 한남대로 82,37.5360397637014,127.006137723817,0.3543563485311503,0.13509643996885587,0.3601811232781668,92.893108527065,90.42687438730246,18881,93,22054
현대오일뱅크㈜ 직영한남동주유소,서울특별시 용산구 한남대로 204,37.5460727912721,127.002896422503,0.743788582292359,0.1201157188144579,0.6028460180922669,91.76722096514133,89.29040070841349,50570,93,22054
㈜남경주유소,서울특별시 용산구 녹사평대로 11길 24,37.5222568335822,126.993181838109,0.08066145084714425,0.14805354831475234,0.12833335444412472,94.37302013233537,91.84319736622805,92505,93,13458
세원주유소,서울특별시 성동구 광나루로 184(성수동1가 13-11),37.5508602334419,127.050436462226,0.750523489800115,0.29343047511794457,0.07994124965763902,91.5269475558529,89.2738392954555,49392,69,14082
SK에너지㈜ 성수주유소,서울특별시 성동구 뚝섬로 352(성수동1가 33-96),37.5400047737799,127.049900172954,0.1447485302281138,0.20991556038496317,0.08943037703845977,92.72247747716477,90.45936219438073,130255,69,16407
KH에너지㈜ 직영 성수만세주유소,서울특별시 성동구 왕십리로 109(성수동1가 656-1208),37.5474976267809,127.044350756633,0.5121953927842334,0.1306921265870113,0.0774622045465383,91.85099618422863,89.56711235730562,130255,69,12322
현대오일뱅크㈜ 직영 효진주유소,서울특별시 성동구 동일로 129(성수동2가 19-1),37.5441143795743,127.064645129354,0.13288989049541436,0.33428093004148707,0.11460564575731995,92.39515403051053,90.20357215255143,49392,69,10520
지에스칼텍스㈜ 도루코주유소,서울특별시 성동구 아차산로 180(성수동2가 19-14),37.5420274264746,127.063423424356,0.2572306272171192,0.470326889592289,0.34857878431484257,92.61434660022294,90.4154684961532,49392,69,10520
협진제유산업㈜ 동일주유소,서울특별시 성동구 광나루로 254(성수동2가 289-2),37.5485761967423,127.057911486572,0.6612078408106239,0.1207559945714081,0.17328721696028168,91.8421430881603,89.62244626935266,49392,69,12551
아이콘주유소,서울특별시 성동구 고산자로 273(도선동 2-4),37.5641283119055,127.035920071533,0.4182333542125161,0.2012567793880352,0.09175462093473757,89.9500522741635,87.63725481773785,46649,69,26903
㈜ 서울에너지,서울특별시 성동구 천호대로 324(용답동 5-4),37.5642339425388,127.055593318567,0.4212415660796432,0.15655982638635715,0.12050607412316665,90.09259904930731,87.8736770970696,47232,65,28530
삼우주유소,서울특별시 성동구 천호대로 392(용답동 229-5),37.5614150648805,127.062310521717,0.3394374638457718,0.3767697858738578,0.4504623590910373,90.46394146036717,88.27489639926914,47232,65,38677
SK에너지㈜ 군자동주유소,서울특별시 성동구 천호대로 446(용답동 236-1),37.560534180112,127.068301931583,0.6873379436931496,0.2905140594739935,0.3521085556788566,90.61783598680543,88.45664229931616,47232,65,38677
KLP제2주유소,서울특별시 성동구 동일로 249(송정동 83-3),37.5540124113316,127.070433103392,0.08177632400065657,0.10517196872808977,0.09569635869749779,91.35804595527351,89.20157686864289,47232,69,12551
경진주유소,서울특별시 성동구 고산자로 348(마장동 522-6),37.570523648373,127.038003801303,0.3693764587935508,0.16316057582722876,0.20868136074459157,89.25738406163474,86.9586964104586,46649,65,36137
정호주유소,서울특별시 성동구 고산자로 307(마장동 573-1),37.5672020506377,127.036537420429,0.1624418573307598,0.1178900534154892,0.15579125312877184,89.6143349019373,87.30645471349935,46649,69,22706
현대오일뱅크㈜ 성동셀프주유소,서울특별시 성동구 마장로 311(마장동 771),37.5670168870809,127.04372064792,0.2009460619042148,0.15305432448360543,0.15847026509619205,89.68787403636308,87.41420271404311,46649,69,22706
옥수주유소,서울특별시 성동구 독서당로 168(옥수동 449-5),37.5408496346983,127.011382906693,0.16822536476294697,0.12636950014828952,0.19141646665142462,92.38376890525824,89.94362188394489,18881,69,25843
청계로주유소,서울특별시 성동구 청계천로 454(하왕십리동 291-9),37.5700413114581,127.027391824017,0.2505046046201278,0.13416597889113235,0.291414175682314,89.23884308757198,86.88902432977963,38959,65,36137
삼호주유소,서울특별시 광진구 천호대로 809(광장동),37.545722198887,127.103717248078,0.22605720684660216,0.11172086024170555,0.027703626282418955,92.64151155847856,90.63441052936288,32256,67,34362
㈜창원씨더블유,서울특별시 광진구 광나루로 460(화양동),37.5451191114666,127.080439646223,0.23447024718355003,0.1718848799502119,0.2102368830377937,92.44033480604091,90.3234381451878,49392,67,11561
중원주유소(현대오일뱅크㈜직영주유소),서울특별시 광진구 동일로 398(중곡동),37.5658624220462,127.077738277087,0.11385942530851115,0.2700909766680615,0.18817652745012925,90.1260450451807,88.01461775191436,163728,65,38677
현대오일뱅크㈜직영 장호셀프주유소,서울특별시 광진구 자양로 37(자양동),37.5313201772554,127.085854828263,0.055148219784663194,0.09975016403438709,0.24368008053567553,94.01842287121912,91.91471793164683,102555,67,22709
용마주유소,서울특별시 광진구 용마산로 68(중곡동),37.5597341174273,127.087883799213,0.3347333485733622,0.2107601175574812,0.17021808856127132,90.91212107391006,88.84365987392981,163728,67,21336
㈜장수주유소,서울특별시 광진구 동일로 266(군자동),37.5549838384561,127.071529641931,0.1992829563128674,0.11267865431659393,0.12583250439044413,91.26171788559797,89.11124659482427,47232,69,12551
자양주유소,서울특별시 광진구 아차산로 298(자양동),37.5381518083915,127.075893035565,0.1548783756903759,0.19796396442096573,0.23022084784158692,93.16149571357211,91.01750026670368,49392,67,27082
능동주유소(현대오일뱅크㈜직영주유소),서울특별시 광진구 천호대로 584(능동),37.5556380138307,127.082501657519,0.25934268082936435,0.15819300758866214,0.36833091698925335,91.30346263065948,89.2055935520726,47232,67,21336
동서울주유소,서울특별시 광진구 강변역로 10(구의동),37.5375760183292,127.091243691147,0.10659857362222151,0.07353135507067714,0.08651393097633579,93.38917293817087,91.31597873283276,79289,67,24049
강평주유소,서울특별시 광진구 아차산로 616(광장동),37.5476463277107,127.107295591504,0.47721184111635234,0.26435981565648514,0.1277178158227863,92.4752708182262,90.48696081555646,32256,67,34362
태양주유소,서울특별시 광진구 동일로 345(중곡동),37.5618603966711,127.074779022864,0.5164350369717882,0.2758034530385229,0.29195805333172264,90.53628842722001,88.40714159703886,47232,65,38677
대원주유소,서울특별시 광진구 용마산로 122(중곡동),37.56455803366,127.08705708781,0.23697280538807083,0.22337496077439856,0.1764555981826123,90.3717767062303,88.30392479950352,163728,67,16177
중곡현대주유소(현대오일뱅크㈜직영주유소),서울특별시 광진구 동일로 435(중곡동),37.5693030877256,127.079044153204,0.38982254379805037,0.1873542960404092,0.3948568467992428,89.76085839866992,87.65883488856915,163728,65,32685
정해네트웍스(주)일진주유소,서울특별시 광진구 동일로 413(중곡동),37.5674520086168,127.077935863493,0.20792385178204378,0.26059927627000273,0.33073603956606146,89.95298327279595,87.84393594489184,163728,65,38677
㈜안국에너지 삼원주유소,서울특별시 동대문구 망우로 90(휘경동),37.5901831438414,127.063235322657,0.3673280379653734,0.10762333925925754,0.09078739148673876,87.29792694927532,85.13714709007445,132385,65,21366
현대오일뱅크㈜ 직영 스피드 주유소 ,서울특별시 동대문구 천호대로 453(장안동),37.5612269362214,127.069417973378,0.574724778592764,0.2063408541934739,0.2988967904590399,90.55231147165331,88.39701761734685,47232,65,38677
㈜경동주유소 ,서울특별시 동대문구 이문로 191(이문동),37.6036482256361,127.061800563122,0.3346416128955771,0.10733167687493755,0.16426534882307975,85.79855447129584,83.6423439960264,132385,73,35315
삼미상사㈜ 장안킹셀프주유소 ,서울특별시 동대문구 한천로 100(장안동),37.5701668831791,127.064994661697,0.17070385887308823,0.11940825076625963,0.08772452583266396,89.52324913675946,87.35416998101371,163728,65,28055
㈜재건에너지 재정제2주유소 ,서울특별시 동대문구 사가정로 90(전농동),37.5759083008078,127.055631542737,0.17392501344098849,0.15560255087802882,0.3168587015614332,88.80357157265934,86.59381960166601,163728,65,29220
열린주유소,서울특별시 동대문구 한천로 263(휘경동),37.5843890962343,127.067683930685,0.20253355032195175,0.2423594207155367,0.302109354447108,87.98057089451908,85.83670090993188,163728,65,24666
삼영주유소 ,서울특별시 동대문구 답십리로 258(장안동),37.5722270053461,127.068815663753,0.4300144879725888,0.026509833511451655,0.1109816671009632,89.3331128054995,87.18422973776912,163728,65,28055
동서울고속주유소,서울특별시 동대문구 한천로 414(이문동),37.5975437366033,127.068038613189,0.5576275820155006,0.16746968531470632,0.18503392601442312,86.5335801813559,84.40321110239691,132385,65,20183
㈜자연에너지 국민주유소 ,서울특별시 동대문구 답십리로 223(답십리동),37.5730120581786,127.064971211446,0.18698736051890177,0.21550084769527572,0.09028163451273172,89.20909691847739,87.04226837406397,163728,65,28055
한영주유소 ,서울특별시 동대문구 망우로 38(휘경동),37.5884253186329,127.057395478312,0.3071366011003037,0.2533499604042091,0.25139171854748205,87.43726033668749,85.24615012546879,0,65,13536
오동나무주유소,서울특별시 동대문구 한천로 81(답십리동),37.5689447519836,127.063376287307,0.2896498985154725,0.14873887707101086,0.07731337039949546,89.64279230068483,87.46490970570804,47232,65,28055
동일석유㈜강남주유소,서울특별시 동대문구 사가정로 130(전농동),37.5775491902123,127.059334965058,0.21414852023818756,0.13038321543732576,0.14182510296781684,88.65562205115548,86.46516535493598,163728,65,18629
㈜파랑에너지,서울특별시 동대문구 망우로 126(휘경동),37.5912276386517,127.067036460909,0.5510838811973795,0.09964925478271217,0.12117155175586071,87.21996172419442,85.0789264286048,132385,65,16339
대성산업㈜청량리주유소,서울특별시 동대문구 왕산로 289(청량리동),37.5864699557701,127.0516032116,0.21259357643289215,0.2268287178798936,0.19581202026100747,87.60203837448213,85.38084980911144,0,65,13536
㈜홍릉주유소,서울특별시 동대문구 홍릉로 87(청량리동),37.5880092172875,127.042553030596,0.2539700430966725,0.24851001282512122,0.09559449043560167,87.35789357636229,85.09338336741745,0,65,19094
재정주유소 ,서울특별시 동대문구 전농로 121(전농동),37.5757753233693,127.057492519248,0.30223331454963975,0.15534972143012807,0.2425010650366787,88.83478724548146,86.63395919145279,163728,65,29220
풍한주유소 ,서울특별시 동대문구 안암로 168(제기동),37.5892107111281,127.035992810349,0.45501601142733594,0.27687818531077885,0.17291308424143864,87.17575394900628,84.87984939054374,13720,73,40111
대성산업㈜동마장 주유소,서울특별시 동대문구 고산자로 405(용두동),37.5758650176352,127.037718750466,0.5809879905955128,0.06808168377247427,0.22929415798130892,88.66448630256284,86.36797970096349,38959,65,26484
동일주유소,서울특별시 성북구 보문로 85,37.5829579453996,127.020374169754,0.2951884337722745,0.2947247565012372,0.14142562695179195,87.76607516128526,85.38999132073542,38959,73,16712
현대오일뱅크(주)직영 아리랑주유소,서울특별시 성북구 아리랑로 96,37.6005363027457,127.014211710411,0.26425470404509194,0.14078778006302667,0.1399657999785407,85.78450695687042,83.38812183807575,13720,73,22911
장위주유소,서울특별시 성북구 화랑로 110,37.6034637786359,127.043444018874,0.5772339419675299,0.2940981574690134,0.2550251983919996,85.65654846879144,83.40789488057996,0,73,19739
지에스칼텍스(주) 세창주유소,서울특별시 성북구 동소문로 323,37.6088083513732,127.029473489653,0.16536203062772567,0.2657504982035825,0.2637296984565717,84.96172196754507,82.64667038308198,13720,73,21728
지에스칼텍스(주) 종암주유소,서울특별시 성북구 종암로 145,37.6027851035284,127.03204755082,0.4068586546068673,0.20024023158239382,0.26022915055317336,85.64597591260036,83.33976112312438,13720,73,21728
(주)중앙에너비스 종암지점,서울특별시 성북구 종암로 58,37.5957716397164,127.03600774664,0.15231276035434535,0.3524160813695828,0.21251048936900085,86.45013651446052,84.15881637247611,0,73,40111
현대오일뱅크(주)직영고대셀프주유소,서울특별시 성북구 종암로 12,37.5914409003495,127.036697935025,0.36357075626749386,0.13262384154096454,0.1738457039602587,86.93419355870192,84.64328882972394,0,73,40111
㈜이케이에너지(주) 강산제2주유소,서울특별시 성북구 보국문로 52,37.6091774896632,127.010120328789,0.5814221687296303,0.2114111102816082,0.20832638119451094,84.8057168682393,82.39370116491106,168540,73,24911
㈜삼표에너지 정릉주유소,서울특별시 성북구 보국문로 35,37.6076158170175,127.00997322889,0.47048561014809515,0.15838686741667674,0.30146483911567956,84.97801575697632,82.56441988421581,168540,73,16567
SK에너지(주)드림랜드주유소,서울특별시 성북구 월계로 128,37.6166166995599,127.041411636405,0.5930705814539422,0.22205025878402918,0.1967034486453697,84.18646157111785,81.93757991966791,132385,41,16449
지에스칼텍스(주)화랑주유소,서울특별시 성북구 화랑로 185,37.6078690506394,127.050739603739,0.24017625532340342,0.22118280711419583,0.3381983210470673,85.2309218689397,83.02248002026062,132385,73,13622
㈜오만불 신동방주유소,서울특별시 성북구 월계로 84,37.6134035526037,127.038057325252,0.1996383748728372,0.11625248552508001,0.1522482077789822,84.5154915604835,82.24709989678655,0,41,29910
원천주유소,서울특별시 성북구 돌곶이로 142,37.6149596653136,127.052767760078,0.4571619395316507,0.13454705212376708,0.3662123252802666,84.46587529284041,82.27363568864207,132385,73,24082
삼선주유소,서울특별시 성북구 창경궁로 324,37.58798513267,127.005541114305,0.39820677489687223,0.182671975678089,0.42931540792211587,87.13236209546707,84.68690374317445,46010,73,16889
㈜재건에너지재정제2주유소(길음지점),서울특별시 성북구 삼양로 78,37.610327106355,127.02274325737,0.1012400720320753,0.13965499150561506,0.15190616188145137,84.74970560906107,82.40175259299473,13720,41,30939
신방주유소,서울특별시 성북구 안암로 111,37.585570267124,127.03185811318,0.3621400358530301,0.17359120976761047,0.2685444281470476,87.54945203505623,85.23086934587647,13720,73,17118
우리주유소,서울특별시 성북구 화랑로 292,37.6126157123372,127.061400134261,0.3218076674859205,0.16789815160627583,0.2569507994008982,84.8054023834253,82.65515832360227,132385,73,15868
현대오일뱅크(주)직영 장삼주유소,"서울특별시 성북구 한천로 612, 화랑로 293",37.6136383135999,127.060216713088,0.3336597261070461,0.2520653901563189,0.14469560291290354,84.68112041548602,82.52575821926136,132385,73,15868
이케이에너지 주식회사,서울특별시 성북구 보문로 27,37.5779480661943,127.022800763795,0.14516912288575787,0.12837926938410132,0.3822219053367075,88.33517744130775,85.96795275481047,38959,73,16712
(주)성북주유소,서울특별시 성북구 보문로 142,37.5876710055984,127.018389424981,0.2397059408737203,0.09204968674325839,0.28790289831689325,87.23269846006704,84.84963586019803,13720,73,23044
㈜신용구도일주유소 화랑로,서울특별시 성북구 화랑로 174,37.6069071610892,127.050090586822,0.16195631127868443,0.2495168384675109,0.32918751579039474,85.331521556607,83.1190184719009,132385,73,13622
현대오일뱅크(주)직영 북악셀프주유소,서울특별시 성북구 정릉로 218,37.6054307579856,127.008551321932,0.19793724378565694,0.09308189654725171,0.09025403689514985,85.21306775852837,82.79121595378277,168540,73,16567
㈜명연에너지 효성주유소,서울특별시 성북구 화랑로 27,37.6031889817123,127.035329356198,0.5514370670753752,0.10374634528619366,0.13536647374901747,85.62475858867522,83.33523810159059,0,73,26169
수유동주유소,서울특별시 강북구 도봉로 395,37.6422269311156,127.029534049186,0.4731894590558921,0.10258524315227316,0.22044515464744335,81.26463907633574,78.97348307190093,46744,41,23778
신광주유소,서울특별시 강북구 삼양로 484,37.6464495651764,127.015372603028,0.5600348061139809,0.1036196990675068,0.265741493470749,80.70540880882376,78.34240717090873,46744,41,20407
북서울고속주유소,서울특별시 강북구 삼양로 410,37.6402370196363,127.017250207497,0.27299347701046994,0.24944258549391077,0.20623180626050194,81.40446652421045,79.04735242363398,46744,41,29916
㈜석산에너지,서울특별시 강북구 삼양로 316,37.6316886416458,127.017918788236,0.2151095916078487,0.11261040222275379,0.19750944149297292,82.35506706652696,79.99597643935802,46744,41,29916
SK에너지㈜ 매일주유소,서울특별시 강북구 삼양로 217,37.6227653570793,127.019086440546,0.26590283454409824,0.09798756004073642,0.09386076608854424,83.35016185654644,80.99146164805892,168540,41,23090
㈜지에스이엔알 미아주유소,서울특별시 강북구 도봉로 124,37.6201205643458,127.028984544911,0.40979805042261563,0.16503563333893848,0.2731717850170717,83.7066239570434,81.39681040789029,46744,41,25998
씨앤에스에너지㈜ 미아셀프주유소,서울특별시 강북구 도봉로 200,37.6265260054647,127.026459618797,0.23456405106442768,0.23336104812981087,0.2322749013937364,82.98064788018054,80.6622808727693,46744,41,21685
㈜서울에너지 시민주유소,서울특별시 강북구 인수봉로 185,37.6361915368149,127.012766274186,0.3310847257950494,0.3175518306246487,0.23436390531672613,81.82682144105279,79.44377240015099,46744,41,29916
㈜미래아스팔트 덕릉로주유소,서울특별시 강북구 덕릉로 158,37.635016251642,127.031309683046,0.303660993323197,0.15600580324349378,0.08063916413909002,82.07505042711134,79.78789013947083,46744,41,18578
현대오일뱅크㈜ 번동셀프주유소,서울특별시 강북구 한천로 963,37.635563621624,127.032887089001,0.16469316570823164,0.21740670825852917,0.06832200850932078,82.02603529435582,79.74752672491722,46744,41,18578
세원주유소,서울특별시 강북구 한천로 918,37.6342699682231,127.037763773459,0.2446999149408457,0.23687042052604484,0.09500600847347004,82.20617443134378,79.95217093840216,46744,41,18578
에덴주유소,서울특별시 강북구 월계로 195,37.621613569637,127.045589558796,0.1435666348554402,0.19083298290470482,0.17193616356774588,83.66849610853691,81.4449813466564,132385,41,16449
(주)명연에너지 수색훼미리주유소,서울특별시 은평구 수색로236 (수색동),37.5811692862968,126.897845401184,0.47286289885172855,0.21927985132748654,0.14039780682480418,87.91302744663068,84.9590914785386,65387,134,13210
뉴타운 셀프주유소,서울특별시 은평구 통일로1031 (진관동),37.6346304765514,126.916643637664,0.423246663084839,0.15779515524972568,0.027845411849047222,81.9061072732983,79.03424285747015,59500,134,55034
다회주유소,서울특별시 은평구 증산로441 (신사동),37.5956135535263,126.914396679791,0.3779065642926098,0.15570104639817892,0.229959221021554,86.24104299716925,83.36149177025099,39064,134,26984
대성산업(주)대성주유소,서울특별시 은평구 통일로642 (녹번동),37.6040033229848,126.935207500802,0.21521137742799046,0.14323936050200306,0.4157953405633245,85.25499410298795,82.47382236901521,79640,134,36884
불광주유소,서울특별시 은평구 연서로314 (불광동),37.623209991003,126.927945702304,0.2701169355137551,0.21407865806639872,0.2455521497745997,83.13903347400637,80.32312861910123,51143,134,27280
서울석유(주) 박석고개주유소,서울특별시 은평구 통일로945 (갈현동),37.6272854815736,126.919398367026,0.21287359175401813,0.23663604862710272,0.1934469007683959,82.71133629817739,79.85349041427453,51143,134,55034
서울석유(주) 은평뉴타운주유소,서울특별시 은평구 통일로924 (불광동),37.625331136968,126.920305351576,0.3688763333790098,0.10840759636513309,0.1415919011119203,82.92518905575103,80.07188075092995,51143,134,17151
성원이앤에스(주)은평지점,서울특별시 은평구 통일로968 (진관동),37.6292162125585,126.919673603924,0.08217956725559653,0.07046256559582499,0.2996360231270881,82.49629597551827,79.63969036875976,59500,134,55034
제이제이에너지,서울특별시 은평구 응암로163 (응암동),37.5867583146722,126.915872690304,0.5534827971320531,0.11324862800964959,0.37080264640686855,87.217955117885,84.34595378690453,39064,134,24313
지에스칼텍스(주) 녹번주유소,서울특별시 은평구 통일로600 (녹번동),37.6006171747248,126.936280685005,0.2728134832976053,0.15972850102482408,0.0886595395122465,85.62894713249791,82.85274575630112,79640,134,36884
지에스칼텍스(주) 서부주유소,서울특별시 은평구 응암로210 (응암동),37.590582961927,126.9176973333,0.4012867297242479,0.13695627353118306,0.4499091137852361,86.78768350518602,83.92389794087649,39064,134,24313
지에스칼텍스(주) 수색뉴타운 주유소,서울특별시 은평구 수색로350 (수색동),37.5872268663294,126.887564092289,0.6125258149647047,0.31775513775209246,0.3899492199471315,87.29783438358443,84.29601328026085,65387,134,13210
지에스칼텍스(주)신사제일주유소,서울특별시 은평구 증산로423 (신사동),37.594096038824,126.913935526396,0.22440951317039262,0.1665375147069892,0.25590695263126756,86.41098761910024,83.52940916218203,39064,134,26984
코끼리주유소,서울특별시 은평구 서오릉로41 (녹번동),37.6043960943468,126.9242140035,0.13689253155533343,0.08997225234743163,0.1196130464485783,85.23594055704818,82.40224933807539,51143,134,26862
타이거주유소,서울특별시 은평구 수색로188 (증산동),37.5785521168108,126.902034060396,0.48746702343257886,0.16263288006985033,0.25704567454166566,88.18309611669973,85.24858790803373,39064,134,13210
삼융주유소,서울특별시 은평구 수색로 299 (수색동),37.5839915532482,126.891088859421,0.4541613861439117,0.17851732193296974,0.23565145118233008,87.63593108739975,84.6508140382494,65387,134,13210
행촌제2주유소,서울특별시 서대문구 성산로 490(대신동),37.5610155646644,126.941569342334,0.10541521277490813,0.3932096173355019,0.4274003822232867,90.01656216858356,87.26246821785736,85942,108,26143
㈜중앙에너비스 동교지점,서울특별시 연희로 12(창천동),37.5598695838504,126.92684981646,0.5943413241444765,0.29006944616426805,0.0641885014698134,90.16913861062731,87.3483134052776,85942,186,15603
㈜안국에너지 삼보주유소,서울특별시 연희로 78(연희동),37.5650243399688,126.929929031318,0.4228372933795501,0.11389259010196065,0.2820927460341011,89.5903360294045,86.78345878343032,42092,108,37428
구도일주유소 두꺼비,서울특별시 성산로 312(연희동),37.5660708443759,126.924941152249,0.3191411628847551,0.48424949795470207,0.11872456273125254,89.48580491053004,86.65627465951655,42092,108,37428
sk삼미상사(주)서부주유소,서울특별시 성산로 255(연희동),37.5677454628917,126.918985802478,0.47028611890167854,0.37014412341972397,0.2812253677725088,89.3166946837741,86.46011242386336,42092,108,16884
현대오일뱅크(주) 직영 연세주유소,서울특별시 연희로 184(연희동),37.5734779131892,126.935927536368,0.5081563336060964,0.12029450831819911,0.07803015788448979,88.64116412024711,85.86198403725373,42092,108,37428
연희주유소,서울특별시 연희로 129(연희동),37.5693077959774,126.932458194132,0.15159255791731718,0.20195085478984107,0.349841381424848,89.10998317655825,86.31471837035977,42092,108,37428
광호주유소,서울특별시 연희로 266(홍은동),37.5807686609718,126.936581879011,0.35961643679218386,0.2764817779224541,0.2893705629957574,87.83106891288942,85.05527234831695,79640,108,27499
지에스칼텍스(주)홍제동주유소,서울특별시 통일로 372(홍제동),37.5835529130439,126.950101908476,0.5209670483987825,0.13697408273829295,0.1299848995840782,87.5089645259506,84.7967236805214,79640,108,13433
㈜우남에너지문화사랑주유소,서울특별시 세검정로 87(홍제동),37.5954419804145,126.948477443752,0.24846496124749198,0.06597022157212792,0.18025660944518454,86.19016098788914,83.4717576028554,79640,108,22825
남정주유소,서울특별시 모래내로 243(남가좌동) ,37.5756715829004,126.925518366048,0.6644005599800388,0.2209737123200933,0.27197391926160325,88.41921181201619,85.59216360338218,39064,108,30508
㈜가재울뉴타운주유소,서울특별시 모래내로 205(남가좌동),37.5732608965137,126.922462434868,0.3641469204446996,0.12248612379000007,0.11354757337118866,88.69473868507467,85.85374449940204,39064,108,30508
㈜창원이엔지 홍제지점,서울특별시 통일로 455(홍제동),37.5891287172466,126.943337675172,0.17811541497941677,0.11341670736308561,0.3798534861722758,86.89470658106916,84.15119150892859,79640,108,22825
현대오일뱅크(주) 직영 독립문주유소,서울특별시 통일로 384(홍제동),37.5841890713335,126.94938946313,0.48667780460536314,0.07829427754819115,0.19301117694684664,87.43864872216112,84.72313561015972,79640,108,13433
㈜미래아스팔트 신우주유소,서울특별시 가좌로 106(홍은동),37.5822575743325,126.926519409089,0.21463780162485882,0.36425743575725184,0.21142709809294885,87.6860447708919,84.86353880244116,39064,108,27499
마포시엠주유소,서울특별시 마포구 월드컵북로 62 (성산동),37.5597772413684,126.917179478209,0.3511726077578988,0.13147836482171016,0.5669910697639601,90.2061574410666,87.34188265268648,42092,186,19079
청원주유소,서울특별시 마포구 월드컵북로 113 (성산동),37.5631741949394,126.913189228501,0.34920705712128336,0.1707703393732075,0.33685899914460854,89.84281457456649,86.96041075396998,39064,186,39500
주식회사 에스에스 오토,서울특별시 마포구 서강로 76 (창전동),37.5498342666849,126.932591311368,0.3240939319581574,0.1102480346827531,0.09537746774801219,91.27058188042331,88.47542834390615,85942,186,25576
(주)블루원에너지 직영 성산대교주유소,서울특별시 마포구 성산로 144 (성산동),37.5643351190322,126.909458037833,0.21728258927584218,0.2296698900328669,0.16191961774353264,89.72788580983179,86.82864486224352,39064,186,39500
성산주유소,서울특별시 마포구 월드컵북로 170 (성산동),37.567465744446,126.909844646131,0.20689144925998482,0.06491280243063494,0.13383515528412238,89.37926385445192,86.48143715238209,39064,186,39500
그린에너지컴퍼니 용강주유소,서울특별시 마포구 토정로 258 (용강동),37.543028193238,126.938847645255,0.1921267818823828,0.19731392911274123,0.16527506510221765,92.01602601776563,89.24847540879472,43772,186,22672
마포주유소,서울특별시 마포구 마포대로 186 (공덕동),37.5505948047115,126.95563699696,0.34505614737823476,0.16999572154231896,0.35471524115811004,91.16620081209037,88.47480513373019,70215,186,26184
(주)안국에너지 망원동주유소,서울특별시 마포구 월드컵로 119 (망원동),37.5587410471986,126.907182114043,0.38947637915388755,0.10817875913897343,0.08348810348874322,90.35712565646439,87.4483382054145,158934,186,19079
에스케이에너지 주식회사 안국주유소,서울특별시 마포구 양화로 33 (합정동),37.5493308066931,126.912557082288,0.4186744861286762,0.0911446780254945,0.2682137986121915,91.38027042678665,88.49620336185056,128203,186,17064
에쓰-오일(주) 염리동 주유소,서울특별시 마포구 백범로 126 (염리동),37.546289031379,126.944762996986,0.19477995104871015,0.25297710318947153,0.11654554201949063,91.64789666690409,88.90699120034208,85942,186,16177
에스케이에너지(주) 양지주유소,서울특별시 마포구 마포대로 69 (도화동),37.5421183825596,126.948522081226,0.23245451783052762,0.2208220296762619,0.2747898369217717,92.10833795436668,89.38382477805048,124183,186,17633
지에스칼텍스㈜ 서호주유소,서울특별시 양천구 남부순환로 317(신월동),37.5385828916235,126.82701689593,0.16348251313761694,0.18356912805013298,0.3482693219352486,93.17380955722611,89.92985624422316,28561,265,36236
에이치지 가로공원주유소,서울특별시 양천구 가로공원로 165(신월동),37.5370203692233,126.834298807985,0.2857536386988742,0.19605131358032288,0.2764927584728719,93.27143112527925,90.0579312695651,73636,126,14461
현대주유소,서울특별시 양천구 남부순환로 372(신월동),37.5339097605129,126.829178494291,0.14216817686876015,0.27027118173892073,0.11627170561889376,93.6662748197817,90.43338334718733,28561,126,14934
동일석유㈜ 개나리주유소,서울특별시 양천구 남부순환로 442(신월동),37.5282624685753,126.832956410977,0.30676245489237114,0.11838622547098368,0.1686990474282018,94.2506276801294,91.03568900016217,103550,126,14934
신양주유소,서울특별시 양천구 지양로 67(신월동),37.5215294915741,126.833868932502,0.4059371677104886,0.10002262666148415,0.1812143317585808,94.98421646743525,91.77600072475846,103550,126,19199
현대오일뱅크㈜직영 남부순환셀프주유소,서울특별시 양천구 남부순환로 553(신월동),37.5197288998681,126.838723252685,0.3588944464595636,0.08421713764826634,0.08388261578760411,95.13630394039117,91.94840480397235,104198,126,19199
㈜진우에너지 신월점,서울특별시 양천구 신월로 193(신월동),37.5200481885681,126.844071320155,0.347275735764965,0.12333866260041586,0.1727267220972817,95.05198085009475,91.8855473499713,104198,126,17698
삼미상사㈜신월IC셀프주유소,서울특별시 양천구 중앙로 331(신월동),37.5254885041362,126.849753276346,0.06444780308245211,0.17528229378614582,0.1779203288686233,94.40136280073733,91.25593281197327,22296,265,52647
(주)서부티엔디,서울특별시 양천구 신정로 167(신정동),37.5093449690455,126.841883881962,0.2577124815158905,0.08874761167687976,0.13743947368131487,96.2534146693153,93.08246905810068,104198,126,50587
(주)지애스이앤알서울주유소,서울특별시 양천구 신정로 236(신정동),37.5105676390045,126.847718788496,0.32851914595346265,0.2760535633733802,0.12689674768823236,96.06702593476781,92.91898277028376,104198,126,50587
SK에너지㈜경인주유소,서울특별시 양천구 국회대로 170(신정동),37.5281136827651,126.854009012994,0.35088348564749483,0.14201235108177704,0.21244336980307738,94.07557232345675,90.94663844056595,22296,265,17785
양정주유소,서울특별시 양천구 국회대로 158(신정동),37.5280498776111,126.852547021219,0.270280616259192,0.16234119279198705,0.20475023371160206,94.09475518947919,90.95982743480214,22296,265,24415
㈜타이거오일 신정주유소,서울특별시 양천구 중앙로 226(신정동),37.5167468205193,126.854738127061,0.09003839392702202,0.12472810141197092,0.20327903617986792,95.32582320702318,92.20392259169631,67316,126,50587
SK에너지(주)신평주유소,서울특별시 양천구 목동남로 62(신정동),37.5093947016961,126.866239301006,0.20508703557112645,0.11175114553568685,0.1267996674694727,96.05163058062547,92.97891494173037,27118,126,24152
현대오일뱅크㈜직영 양천셀프주유소,서울특별시 양천구 목동로 17(신정동),37.5104731119583,126.871265587745,0.22974013476203226,0.10265635037129744,0.26254450267801316,95.89766669265097,92.84517001210428,134976,126,28579
㈜부흥에너지 평화주유소,서울특별시 양천구 안양천로 657(신정동),37.5058610602272,126.870696366659,0.5241787872497842,0.42886519322768457,0.3516852587586198,96.41188728411049,93.35831434091018,57000,126,28579
신정동주유소,서울특별시 양천구 안양천로 663(신정동),37.5063926687518,126.871123077795,0.550056615346073,0.4048512762872923,0.4100494840706499,96.3502000687732,93.29822162444395,57000,126,28579
현대오일뱅크㈜직영 신목동셀프주유소,서울특별시 양천구 목동동로10길 13(신정동),37.5194893296515,126.871071371587,0.1665549130214014,0.13898894074205173,0.1502916866577204,94.9011990379532,91.84543431206183,67316,126,24152
㈜삼표에너지 목동주유소,서울특별시 양천구 목동서로 129(목동),37.5321638279811,126.875540347599,0.5289168749176424,0.1629682200657377,0.11295292984228286,93.46876541114592,90.42821082396128,67316,126,40737
양천구주유소,서울특별시 양천구 국회대로 275(목동),37.5303725461437,126.865511835584,0.6600002739077028,0.23327771534543254,0.15745291476588605,93.73633822965724,90.65429923508776,67316,265,20514
목동주유소,서울특별시 양천구 목동중앙로 125(목동),37.5396005386844,126.874552753564,0.19359603892440494,0.2360874212191024,0.20651408086085826,92.65217516157658,89.60544937131057,67316,126,29641
현대오일뱅크㈜직영목동셀프주유소(구) ,서울특별시 양천구 공항대로 648(목동),37.5467672087448,126.87698319379,0.4340213380087097,0.2516021086124993,0.19393305827841026,91.84297876083035,88.80468032221569,81224,265,41628
현대오일뱅크㈜직영 양천현대셀프주유소,서울특별시 양천구 안양천로 1179(목동),37.5460090919396,126.881369691227,0.35585551877304944,0.10171815147700115,0.499147372615608,91.89918433734645,88.87989868416098,81224,265,41628
지에스칼텍스(주)건지주유소,서울특별시 양천구 안양천로 1171(목동),37.545315926725,126.882152598122,0.26723762138891666,0.022098869162894375,0.5144731445423526,91.97115967881355,88.95540409174282,81224,265,41628
형산석유㈜ 원주유소,서울특별시 양천구 남부순환로 408(신월동),37.5311594818326,126.831011469112,0.21037178573145865,0.10724365413597538,0.07221061424035283,93.95071547217404,90.72656054883781,28561,126,14934
개화주유소,서울특별시 강서구 양천로 57(방화1동 488-1),37.5735472850738,126.810053543861,0.2180923045867357,0.21139608950289968,0.11806224304810244,89.52106132086793,86.18789551471279,60973,265,22544
대성석유㈜관문주유소,서울특별시 강서구 공항대로 314(우장산동 648-3),37.5578424333244,126.842395220012,0.2730020883528281,0.27620712358599003,0.10498508728041393,90.89571837722178,87.70639817178319,56170,265,30025
방화주유소,서울특별시 강서구 방화동로 58-2(방화1동 609-59),37.5655628801505,126.812436402704,0.4159497209611393,0.10817386225950068,0.2843620015973807,90.36935743621783,87.05091257018307,56170,265,23371
하이웨이주유소,서울특별시 강서구 공항대로 432(화곡6동 1125),37.5545398850186,126.854951579164,0.2948273266335874,0.33648930548391626,0.062221119437900284,91.14779112963254,88.01297424336612,124750,265,30025
현대오일뱅크㈜직영강서제일셀프주유소,서울특별시 강서구 화곡로 273(화곡6동 983-1),37.5492791514446,126.846964931559,0.09538687788956335,0.09112136341449067,0.30766664602836813,91.79852354904854,88.63209950596122,56170,265,25303
현대오일뱅크(주)직영양화교주유소,서울특별시 강서구 공항대로 653(염창동 283-4),37.5473388138282,126.877427656269,0.5083054934375666,0.25814114221231355,0.17608817599508708,91.77682446317057,88.7402799278821,81224,265,41628
현대오일뱅크(주)직영가양주유소,서울특별시 강서구 양천로 391(가양1동 58-2),37.5664417853887,126.845859277681,0.1922269390846299,0.19990044189811443,0.2368205418629969,89.91411483908495,86.73569809703423,56170,265,34359
㈜유턴상사유턴주유소,서울특별시 강서구 남부순환로 57(공항동 61-222),37.5572480682887,126.810028716951,0.5534843272803092,0.17353453197342814,0.3418007757967969,91.31270337785182,87.98930989531641,26957,265,30927
경인고속주유소,서울특별시 강서구 국회대로 225(화곡4동 843-4),37.5296452344476,126.859834931985,0.6369217223173402,0.1323078118288503,0.15068284325510464,93.85962684569472,90.75422867423693,67316,265,17785
박물관주유소,서울특별시 강서구 양천로 53길 97(가양1동 26-1),37.5674992334083,126.850301675636,0.19025549693933164,0.22388268099506123,0.1267391950385715,89.75680554057223,86.59696241571773,124750,265,34359
등촌주유소,서울특별시 강서구 등촌로 189(등촌2동 511-5),37.5468598193199,126.862514592122,0.06222744758386255,0.11689934866509562,0.2209468050482494,91.93561360882634,88.83563804699695,124750,265,19855
신화곡주유소,서울특별시 강서구 국회대로 71(화곡1동 931-11),37.5273198541745,126.8428791732,0.1725743037317385,0.1944169495279347,0.2290088821617917,94.25994514518277,91.08571405642263,22296,265,52647
뉴신정주유소,서울특별시 강서구 곰달래로 207( 화곡2동 862-16),37.5315624983884,126.856035365887,0.3299202550581455,0.05910883786027165,0.18748357797919718,93.67787451655953,90.55606983339462,22296,265,17785
세원제1주유소,서울특별시 강서구 양천로 311(가양1동 272-31),37.5704960243117,126.83807594146,0.13374998367303842,0.2564796457374462,0.30022919374509693,89.54211452806041,86.32862986271363,56170,265,34359
염창동주유소,서울특별시 강서구 양천로 720(염창동 263-8),37.5492177273409,126.875677103073,0.4340553442046376,0.15459472724593964,0.11036541454446135,91.58033464471121,88.53577227788932,81224,265,41628
목화주유소,서울특별시 강서구 국회대로 251(화곡4동 785-2),37.5300548363879,126.862833597877,0.6916103186442831,0.2420441848945366,0.22441048807965303,93.7913727966738,90.69828713773428,67316,265,20514
대성주유소,서울특별시 강서구 강서로 472(등촌3동 684),37.5674698231778,126.841438957955,0.34522274230098837,0.18884398349260131,0.2905893318897213,89.84271362982592,86.64498013287913,56170,265,34359
우장산주유소,서울특별시 강서구 강서로 292(우장산동 702-5),37.5518027646586,126.836681312113,0.16613646956049408,0.21612780894758296,0.31270511073546703,91.61749646918815,88.4069805961786,56170,265,36236
청룡주유소,서울특별시 강서구 양천로 576(등촌1동 631-7),37.5567244681338,126.862735949013,0.3425879933207018,0.15569930206719107,0.09891570618186334,90.84326026042842,87.74086200564736,124750,265,14678
강서열린점,서울특별시 강서구 등촌로 213(등촌2동 510-13),37.5487350773536,126.862988809415,0.18048293208692012,0.11004753995363657,0.2260498398585019,91.72462179636706,88.62602518353422,124750,265,19855
스카이주유소,서울특별시 강서구 개화동로 457(방화2동 523-22),37.5715221982948,126.804525932214,0.2689725597331977,0.1718853987933443,0.17300120498233548,89.81349025833468,86.45869711186744,60973,265,23371
화곡현대주유소,서울특별시 강서구 강서로 151(화곡1동 402-1),37.5402424056989,126.841163971808,0.15160806203544672,0.040750455518712245,0.24156283239382018,92.84952834815117,89.66279934406255,73636,265,21603
화곡역주유소,서울특별시 강서구 강서로 154(화곡본동 1076-14),37.5407680113225,126.8414715329,0.18368711732664475,0.09659366961746026,0.2504515614269061,92.78863103525791,89.60294522582883,73636,265,42883
SK에너지㈜가양주유소,서울특별시 강서구 강서로 498(가양1동 151-1),37.5697365483757,126.841978506958,0.22120515104687538,0.09881755203929392,0.15694881539107275,89.58742242903911,86.39094685362602,56170,265,34359
㈜한진김포공항주유소,서울특별시 강서구 하늘길 259(발산1동 423-2),37.5509423302466,126.814720192147,0.2502303091043762,0.6482679773228093,0.5281557569874064,91.94998342021297,88.64939201595813,26957,265,30927
행촌에너지 공항주유소,서울특별시 강서구 개화동로 420 (방화2동 565-4),37.5743266748619,126.802387579015,0.20401596594270227,0.3542686097749827,0.3484637525200229,89.53338897822428,86.1679549951491,60973,265,23371
㈜한진 김포공항 제2주유소,서울특별시 강서구 하늘길 112 (공항동 1373),37.5587841523495,126.803355336745,0.6995567315083356,0.4627591195814329,0.466640489405139,91.2272962752554,87.87576933957146,26957,265,30927
마곡대성주유소,서울특별시 강서로 457(마곡동 784-1),37.5662430987764,126.840421267348,0.40943702062082765,0.24580486434855042,0.22664397860086968,89.98794736702996,86.78645133023954,56170,265,34359
방화대성주유소,서울특별시 강서구 양천로 176(마곡동 752),37.5728980859386,126.823440027913,0.5119426576023772,0.35232107402328583,0.14082435280527844,89.43352772406156,86.1567837437505,203027,265,34359
KH에너지㈜직영KH외발산주유소,서울특별시 강서구 외발산동 379 외 5번지,37.5435195288267,126.816842910171,0.8078416218558494,0.6946557309472726,0.6581723107635236,92.74211022487196,89.45426980435148,26957,265,36236
대성산업(주) 디큐브주유소,서울특별시 구로구 경인로 650(신도림동),37.5077123709366,126.886868113792,0.3064266130054024,0.12189725003199907,0.0472728487178649,96.10880363858325,93.12108627751135,57000,200,36138
SK구로주유소,서울특별시 구로구 구일로 94(구로동),37.4937059471138,126.872179789099,0.12778159655046134,0.07819740166832109,0.12398935978326443,97.74739213917005,94.70302109547022,28199,200,20936
구로주유소,서울특별시 구로구 구로동로 137(구로동),37.4910179935409,126.883528041948,0.5968219791759772,0.041615096549711794,0.18462995821874678,97.97645929816069,94.97845707841772,28199,200,30093
현대오일뱅크(주)직영 구로셀프주유소,서울특별시 구로구 시흥대로 531(구로동),37.480949072088,126.899231996072,0.4017037306985785,0.3447125042368158,0.13897498281454207,99.01459726509685,96.08173792819181,27515,200,25055
JHC에너지,서울특별시 구로구 시흥대로 539(구로동),37.4815312323457,126.899783520855,0.4825892583477617,0.2801956106872929,0.18049700871311683,98.94769882895437,96.01699274022488,27515,200,25055
㈜한미석유 구로그린주유소,서울특별시 구로구 구로중앙로 76(구로동),37.4964219041881,126.888321429827,0.19427128685798772,0.0752204197974126,0.23653571520513186,97.35186677355651,94.37227290943865,57000,200,31740
현대오일뱅크(주)직영 신구로주유소,서울특별시 구로구 가마산로 293(구로동),37.4975533832572,126.892394002855,0.15521192747235146,0.19084028216149804,0.1706675246154086,97.20579049032064,94.24264405406096,57000,200,31740
동아주유소,서울특별시 구로구 도림로 91(구로동),37.4908381684642,126.89317436118,0.28848792883740476,0.07694631678760865,0.12756234152245888,97.94615200447838,94.98729466856373,57000,200,23052
구인주유소,서울특별시 구로구 경인로 558(구로동),37.5024542869959,126.879753886638,0.47018461131502554,0.3376416634802457,0.38352691939647804,96.73167354647528,93.71587139044823,57000,200,36138
신성주유소,서울특별시 구로구 구로동로 187(구로동),37.4953107996815,126.882396091763,0.43841437094331887,0.15930701395375838,0.055493973708937036,97.50737547525364,94.50389520762636,57000,200,30093
영진주유소,서울특별시 구로구 구로동로 20(가리봉동),37.4837072698183,126.887014444359,0.2887103953573092,0.25038467951172094,0.2519052770012308,98.76739903483404,95.78487610039062,28199,200,30093
근린공원주유소,서울특별시 구로구 고척로 199(고척동),37.5051039732935,126.855483040622,0.19574731746052465,0.07994232081076691,0.1445096432347116,96.60679003322942,93.49190282170993,27118,200,26557
㈜개봉오일,서울특별시 구로구 고척로 115(개봉동),37.5018938879983,126.846841845428,0.4004975716124388,0.045926524302371236,0.3149639723194997,97.03268376846628,93.8843788366253,27118,200,34105
㈜새서울석유 대원주유소,서울특별시 구로구 개봉로 7(개봉동),37.4862064699178,126.856161567942,0.40174258776539806,0.14646921627276696,0.11819733090816258,98.69070316163419,95.58473219796056,25241,200,20251
서서울고속주유소,서울특별시 구로구 경인로 150(오류동),37.4932767157175,126.838552971975,0.32984378528558356,0.14125206818897626,0.09258754565281248,98.05759736541872,94.87990664268396,36665,200,23126
현대오일뱅크㈜직영 신오류주유소 ,서울특별시 구로구 경인로 161(오류동),37.4943918613082,126.839456803066,0.41579674870590216,0.16461087549078476,0.07803104689865707,97.92626514679951,94.75167230212516,27118,200,23126
처음처럼주유소 ,서울특별시 구로구 오리로 1299(궁동),37.4973951468508,126.828965306109,0.14399331069664792,0.059385382339897014,0.3762567987291133,97.6944602615888,94.47756469935125,51994,200,23332
시몬주유소,서울특별시 구로구 부일로 871(온수동),37.4929740001349,126.823995506922,0.20852386891321056,0.3874781823453324,0.25886703550607587,98.23207940135077,94.99787807182236,36665,200,23332
서울석유(주) 풀페이주유소 ,서울특별시 구로구 경인로 41(온수동),37.4909859722988,126.826705964775,0.0940508381658366,0.08508629731916616,0.18397509622339248,98.42378661998107,95.2009650042942,36665,200,23332
SK에너지㈜ 개봉동주유소,서울특별시 구로구 경인로 290(개봉동),37.4976407488702,126.852335201255,0.14955363936775812,0.28888605902937753,0.22019537213416437,97.4568949393412,94.33196858933361,27118,200,34105
극동유화㈜ 항동주유소,서울특별시 구로구 서해안로 2154(항동),37.4834631961312,126.827816336243,0.635799014146449,0.290871695658101,0.4598374110084261,99.24239027365157,96.02715846478628,36665,200,38528
에스제이오일㈜ 여의도주유소,서울특별시 영등포구 은행로 64 (여의도동),37.5303763828993,126.925570104479,0.9663472796542797,0.21199992963830264,0.5692075217867594,93.44438149084142,90.61817944717207,43772,177,32923
KH에너지㈜ 직영 KH여의도주유소,서울특별시 영등포구 국회대로 794 (여의도동),37.5307392906414,126.920299416937,1.1304014389254207,0.21447992889694187,0.9764153042941883,93.41781212465769,90.56872807447978,43772,177,32923
지에스칼텍스㈜국회대로주유소,서울특별시 영등포구 국회대로 746 (여의도동),37.5279887278673,126.916029127951,0.7439599192816625,0.26732338808256223,0.840605288426629,93.7356726787639,90.8682778746211,54617,177,32923
현대오일뱅크㈜직영 영등포현대셀프주유소,서울특별시 영등포구 경인로 822 (영등포동),37.5153291566595,126.904480819754,0.5505016741710923,0.325390720859991,0.13760291544372022,95.1811898544236,92.26572477348115,56196,177,30461
성원이앤에스㈜영등포지점,서울특별시 영등포구 국회대로 665 (영등포동7가),37.5254941545528,126.908083772865,0.17123053726162413,0.1289180568583113,0.1851196720978758,94.03997392256196,91.13869158266424,54617,177,30461
현대오일뱅크㈜직영 여의도현대주유소,서울특별시 영등포구 의사당대로 154 (여의도동),37.5176801059507,126.927478884592,0.3298031430372052,0.20753304992775698,0.295684089409978,94.8486794446315,92.03081306742172,69391,177,32923
버드나룻길주유소,서울특별시 영등포구 버드나루로 111 (당산동),37.5279744482943,126.907873245851,0.10842910851197092,0.09010148406050775,0.2676879344177141,93.76575191575289,90.86331595655382,54617,177,30461
현대오일뱅크㈜직영 대일셀프주유소,서울특별시 영등포구 영등포로 168 (당산동1가),37.5204746288886,126.900045594323,0.36937161388067047,0.3201160054218775,0.08222582711684064,94.62957357999686,91.69473641193856,60425,177,20740
지에스칼텍스㈜화일주유소,서울특별시 영등포구 도림로 415 (문래동2가),37.5132569564825,126.89648174992,0.1570258938202906,0.19010300718237447,0.3079981343341502,95.44582716731672,92.49706975568836,134976,177,32540
한일주유소,서울특별시 영등포구 도림로 486 (문래동3가),37.5169565953997,126.889839721107,0.37376222629060396,0.12675440417752115,0.27739240303270896,95.06882972424583,92.09167618750163,134976,177,32540
㈜지에스이앤알 모드니주유소,서울특별시 영등포구 경인로 789 (문래동3가),37.5146713027948,126.900727819773,0.2931463033945265,0.14835688508359166,0.2289482529452137,95.26987854060974,92.33870915909304,60425,177,32540
㈜강서오일,서울특별시 영등포구 도신로 151 (도림동),37.5100148716917,126.908251942382,0.29145016603347235,0.17535336561837495,0.1729868788260553,95.75579162106347,92.85675158277233,97698,177,22714
도림주유소,서울특별시 영등포구 도림로 343 (도림동),37.5077698456731,126.90025684474,0.3689858833754648,0.18722753320408878,0.20466186999739408,96.03697336207628,93.10476078643981,57000,177,19600
SK에너지㈜양평주유소,서울특별시 영등포구 선유로 195 (양평동3가),37.5310482968462,126.893506681257,0.21320120660622807,0.08286989270919025,0.08884104277852252,93.48863681207807,90.52439614985947,60425,126,40737
SK에너지㈜ 기린주유소,서울특별시 영등포구 선유로 270 (양평동4가),37.5363321621978,126.898774299929,0.3546690201635784,0.2865157268519068,0.22238604290918382,92.87765046728775,89.93509108544795,128203,177,22583
㈜한미석유 제2한강주유소,서울특별시 영등포구 선유로 260 (양평동4가),37.5355248902398,126.897964946369,0.3289709300629894,0.20254045072534274,0.15485471789341948,92.97088975280413,90.02497552639599,128203,177,22583
㈜지에스이앤알 보라주유소,서울특별시 영등포구 영등포로 399 (신길동),37.5135821203562,126.922724761096,0.4645842332160577,0.19395267133761798,0.23852748843148955,95.31463892756224,92.47653517992904,97698,177,20483
매봉주유소,서울특별시 영등포구 도신로 248 (신길동),37.5130406356457,126.918333173452,0.18912711380073213,0.13937512829394738,0.29572200716118247,95.386744644113,92.5300134570021,97698,177,22714
씨엔에스유통(주)한성주유소,서울특별시 영등포구 여의대방로 227 (신길동),37.5072579156295,126.922915747543,0.3938440100288543,0.11014733283231172,0.16825077507111233,96.0157671757351,93.17863572490822,69391,177,20483
행촌주유소,서울특별시 영등포구 도신로 130 (신길동),37.508496518797,126.905985305925,0.1596238213999738,0.10498852150116209,0.05008340902432063,95.93278426285262,93.02439934939089,97698,177,22714
㈜정수에너지개발,서울특별시 영등포구 가마산로 414 (신길동),37.5037333122657,126.902813303561,0.21426638330740908,0.26024712961800994,0.2606935821449268,96.47362114837736,93.55255670049073,57000,177,19600
지에스칼텍스㈜신길주유소,서울특별시 영등포구 신길로 74 (신길동),37.4990627621518,126.908792674047,0.13563923166561326,0.2862405059939291,0.2126456283933262,96.96829678670012,94.07254423736306,27515,177,11212
한경석유㈜경덕주유소,서울특별시 영등포구 여의대방로23길 2 (신길동),37.4983819172602,126.919783311181,0.3683758389157494,0.18611452225274916,0.12502485265652397,97.00872527339448,94.15873404678823,27515,177,19593
SK에너지(주)신길동주유소,서울특별시 영등포구 영등포로 348 (신길동),37.5152502056697,126.916966967146,0.14321911179418587,0.13162558661079915,0.08795557304729984,95.14571639178133,92.2830746755753,97698,177,30461
㈜엠에스주유소,서울특별시 영등포구 대림로 230 (대림동),37.5013096818947,126.897465178935,0.12577408096886328,0.23858589673734074,0.2450345834919784,96.76547776960253,93.82259398710119,57000,177,25205
현대오일뱅크㈜직영 영등포제일셀프주유소,서울특별시 영등포구 가마산로 379 (대림동) ,37.5024020673961,126.899464416873,0.33583246725527915,0.11904791332811979,0.10470929045427105,96.63546293517621,93.70068712030408,57000,177,25205
(주)대청에너지,서울특별시 영등포구 가마산로 328 (대림동),37.4985849503891,126.895817488746,0.07912611017413443,0.10651685680895602,0.1311661722638658,97.07505976914143,94.12579498941172,57000,177,25205
남서울고속주유소,서울특별시 영등포구 가마산로 367 (대림동),37.5016177485726,126.898733536976,0.24300466692655742,0.18473858444021474,0.19329349980906896,96.72563140036986,93.78794163372504,57000,177,25205
현대오일뱅크㈜직영신대방셀프주유소,서울특별시 동작구 시흥대로 616(신대방동),37.4870838318408,126.905639241172,0.27570027052071283,0.1108699569614537,0.17635022781218512,98.3083823885487,95.4008242364716,27515,177,17523
현대오일뱅크㈜직영사당셀프주유소,서울특별시 동작구 동작대로 73(사당동),37.4831195026339,126.98153085422,0.31946464479881237,0.23779558746217874,0.1666853518665781,98.68396284702337,96.09195208470534,95736,128,28786
대성산업㈜노량진주유소,서울특별시 동작구 노량진로 172(노량진동),37.5135542349837,126.945015161205,0.4089215690045228,0.3595462874626968,0.2915980163317749,95.28071344088757,92.53802665523716,62852,128,32114
현대오일뱅크㈜흑석셀프주유소,서울특별시 동작구 현충로 101(흑석동),37.5081000291855,126.965239054896,0.022238251618655995,0.17607658116408373,0.28437926508078837,95.88729698551425,93.23114848715197,62852,128,30694
현대오일뱅크㈜직영동작주유소,서울특별시 동작구 상도로 403(상도동),37.4934718918359,126.956435112111,0.25873397821205213,0.11711431171527757,0.08831927830732628,97.50622921904616,94.81005863608473,62852,128,46166
㈜성림에너지 남성주유소,서울특별시 동작구 동작대로 135(사당동),37.4887034791074,126.981970010334,0.2290602113848121,0.16567829560999056,0.17292335863515176,98.0653441355896,95.47663629193971,95736,128,28786
살피재주유소,서울특별시 동작구 상도로 334(상도동),37.4983604973766,126.951389038225,0.40361332505690006,0.1287338165649974,0.31554184228660204,96.96383680524768,94.24689049192,62852,128,46166
매일주유소,서울특별시 동작구 상도로 139(상도동),37.5028629715876,126.93518145624,0.3327168804107023,0.1353370407070715,0.2386587219694373,96.47849304828084,93.69318637554571,69391,128,37056
GS칼텍스㈜ 대방주유소,서울특별시 동작구 여의대방로 214(대방동),37.5057358255661,126.922881347334,0.3325407472354137,0.06414899951987878,0.06283826489290162,96.1847175034931,93.34747920784136,69391,177,20483
㈜창원이엔지,서울특별시 동작구 사당로 59(상도동),37.494936328044,126.961445941667,0.14335189680898816,0.26881223786078656,0.38784755085693173,97.34552038257878,94.6708188640541,62852,128,46166
서일석유㈜락성주유소,서울특별시 관악구 남부순환로 1920 (인헌동 1659-1),37.477221910042,126.962389897985,0.22936200020002326,0.09968885602007536,0.3839307582097614,99.31210312170144,96.63851779766668,100361,78,29636
SK에너지㈜대공원주유소 ,서울특별시 관악구 과천대로 921 (남현동 602-306),37.4726569973301,126.982228902725,0.6302742284803564,0.27452186052382793,0.15744972416064842,99.84631613852306,97.2545869876656,78555,78,18163
난곡주유소,서울특별시 관악구 난곡로 206 (난곡동 616-1),37.4734402319402,126.918756804906,0.4197392936774574,0.09789546315051684,0.21748139330027058,99.77840709747629,96.92521301249703,0,78,30662
신관주유소,서울특별시 관악구 신림로 290 (서원동 1641-58),37.4804197429151,126.930668720985,0.33552111362959797,0.19558354549757034,0.2716012063235077,98.97658335567539,96.17192886435441,0,78,23511
현대주유소,서울특별시 관악구 난곡로 108 (난향동 666-14),37.464972344929,126.919665854693,0.26606145608486437,0.07152402522528775,0.4032437369110752,100.7153228993521,97.86613350239641,0,78,26679
시몬주유소,서울특별시 관악구 남부순환로 1753 (은천동 912-15),37.4823319566643,126.945066314768,0.26528510642930286,0.2521066526366766,0.22975824700988187,98.74582040293811,96.00077512591145,0,78,33156
문성골주유소,서울특별시 관악구 문성로 97 (미성동 1477-5),37.4778696458556,126.914362940913,0.18195404011277555,0.17077048862206096,0.13611483663522544,99.29996977023131,96.42871115772827,27515,78,30662
행운주유소,서울특별시 관악구 남부순환로 1883 (행운동 1679-30),37.4790967425593,126.959169176582,0.2670687038524111,0.11018815987266939,0.08898507730909162,99.10241311217462,96.41569353771479,100361,78,29636
㈜엠오티이엔지직영삼화주유소,서울특별시 관악구 보라매로 41 (보라매동 726-10),37.4932228170481,126.926674571544,0.47088520730891625,0.10293828229621776,0.1650868222257066,97.56405271270889,94.74290382010126,0,128,22445
현대오일뱅크㈜직영관악셀프주유소,서울특별시 관악구 남부순환로 1520 (미성동 1571-8),37.4824162018976,126.919452148531,0.143585238311949,0.281781980938275,0.3949138776591871,98.7807658079866,95.93003840115244,0,78,24719
유림주유소,서울특별시 관악구 신림로 176 (서림동 112-47),37.4737677035222,126.934825612186,0.25971260921500067,0.07597457614384931,0.2630258644363949,99.7077468359385,96.92000450044465,0,78,23511
씨제이대한통운(주),서울특별시 관악구 남부순환로 1515 (신사동 507-24),37.4830223505096,126.918852484767,0.216808562274814,0.2567765428907932,0.32723574729786553,98.71517635228409,95.86196715046397,27515,78,24719
SK에너지㈜ 신봉천주유소,서울특별시 관악구 남부순환로 1880 (낙성대동 1663-11),37.4787976983741,126.958396590223,0.2612342126599205,0.1440971209422736,0.15416939480758038,99.13533598553221,96.44535422367288,100361,78,29636
대양석유㈜보라매주유소,서울특별시 관악구 보라매로 26 (보라매동 729-4),37.4915977369262,126.927219042514,0.3206502203660834,0.1172541518355321,0.2909220067444027,97.74318003673866,94.924305207955,0,128,22445
지에스칼텍스(주) 신월주유소,서울특별시 강동구 양재대로 1323,37.5245352149831,127.134421461173,0.4744982038416472,0.18037350481295109,0.16438680103828635,95.38061646392232,93.4935303860771,105516,273,23071
대성석유㈜ 길동주유소,서울특별시 강동구 천호대로 1168,37.5334199332869,127.141184621649,0.3200713448267535,0.13005457447449467,0.07558511651290216,94.50962913191756,92.66393269788587,105516,273,45374
광성주유소,서울특별시 강동구 올림픽로 673,37.5415768035116,127.124241977598,0.566796421463994,0.1296935565314194,0.22531947464320506,93.36843129597904,91.45319925656733,16228,273,33825
㈜삼표에너지 고덕주유소,서울특별시 강동구 고덕로 39,37.5550602507921,127.129843660096,0.16976057172370568,0.0707388765131104,0.15463883773363102,91.97253088533887,90.0991538051898,159345,273,15069
재건에너지 재정제2주유소 고속셀프지점,서울특별시 강동구 천호대로 1246,37.5364168582452,127.149372429092,0.4527327324476147,0.07480593782628633,0.3399810443047869,94.31013853414042,92.41881998377465,117694,273,45374
㈜소모에너지앤 성내주유소,서울특별시 강동구 올림픽로 578,37.5332604712366,127.122008039141,0.20879862211797898,0.12489823939573001,0.1775819322552054,94.24891972107982,92.31420530090347,16228,241,12910
현대오일뱅크㈜직영 명일셀프주유소,서울특별시 강동구 고덕로 168,37.5544786253203,127.144011308896,0.12576683366150784,0.06633738812306031,0.2530125628595879,92.25294474281903,90.39851112686729,205654,273,17481
천호 현대주유소,서울특별시 강동구 천중로 67,37.5451778567405,127.129496550003,0.1450873870753284,0.2212995774750037,0.1574080557880015,93.04913152626307,91.16260591744644,16228,273,33825
㈜지유에너지 직영오렌지주유소,서울특별시 강동구 성안로 102,37.5323206515916,127.1330903311,0.5041180473436613,0.10729820781306745,0.2177179127879145,94.50896262423959,92.6245183769049,16228,273,23528
구천면주유소,서울특별시 강동구 구천면로 357,37.5504579000579,127.138226914948,0.32951889425510766,0.1886983754671969,0.04381307868532335,92.6019243944541,90.76279400370191,159345,273,34271
구도일주유소 코알라,서울특별시 강동구 올림픽로 556,37.5313314897305,127.121249029645,0.11061891789855824,0.18190447184005618,0.15096573592935073,94.45003344820908,92.5097427920993,73882,241,12910
방아다리주유소,서울특별시 강동구 동남로 811,37.546060636112,127.155495129904,0.264076426389982,0.2957994464884445,0.26330630852314507,93.35799564635198,91.37161051499064,117694,273,17327
해뜨는주유소,서울특별시 강동구 상일로 132,37.5587673802815,127.171390708337,0.4691052820250823,0.12537525278320016,0.05282216675517423,92.25190734774576,90.03662891912136,205654,273,22764
㈜화동유업,서울특별시 금천구 시흥대로 484 (독산동),37.4768277533578,126.899110569642,0.2147267695993077,0.1070439544200244,0.11826592864952926,99.4719901208207,96.53917970961064,71681,200,25055
지에스칼텍스(주) 일신주유소,서울특별시 금천구 시흥대로 118 (시흥동),37.4444979001053,126.904287632312,0.06425377092100694,0.1582094448087241,0.206652738648278,103.03562124045489,100.12700871256345,28178,64,34054
현대오일뱅크(주)직영 금천제일주유소,서울특별시 금천구 남부순환로 1410 (독산동),37.4802057470935,126.9075034274,0.37691811515746476,0.17313691953901228,0.28980251905453425,99.06409776161522,96.16480568285073,27515,78,20490
(주)진우에너지 백운주유소,서울특별시 금천구 시흥대로 282 (독산동),37.4589135686193,126.899403873163,0.289875128554939,0.11707774860571304,0.33123585514381715,101.45669278087247,98.52732696226583,50601,64,47573
백산주유소,서울특별시 금천구 시흥대로 174 (시흥동),37.4497187855494,126.902913626412,0.38157945303673746,0.17499050945745595,0.31236865728942353,102.46196460519865,99.54744780251883,28178,64,34054
SK에너지㈜ 이가주유소,서울특별시 금천구 시흥대로 441 (독산동),37.4731511316389,126.897896050978,0.23888692748322926,0.1159160273994579,0.2777577698538401,99.88481668733988,96.94762176838287,71681,64,26569
현대오일뱅크(주)직영 금천현대셀프주유소,서울특별시 금천구 독산로 147 (시흥동),37.460504435971,126.904447065345,0.32067261762226906,0.21271371432289038,0.1546967610210034,101.26013965353663,98.35053047719106,50601,64,19562
대득에너지(금천셀프주유소),서울특별시 금천구 시흥대로 81 (시흥동),37.4413113941798,126.903098285437,0.4194801233696987,0.2809265935318019,0.21915394531316504,103.3934677611159,100.48055759361498,105101,64,10701
남서울(경복에너지),서울특별시 금천구 독산로 257 (독산동),37.469845191888,126.90243011308,0.5233186892711807,0.07587310788493132,0.08724518501630553,100.23233596961079,97.31368685410987,71681,64,27239
구도일주유소 동천,서울특별시 중랑구 동일로 654(면목동),37.5891088122,127.080262213877,0.13596204933038317,0.07151896467448035,0.25594619476750047,87.5927634596636,85.51531962665932,163728,59,24206
㈜자연에너지 대창주유소,서울특별시 중랑구 동일로 636(면목동),37.5872153637863,127.080281126703,0.329504443045966,0.18152936386498114,0.2615460798114579,87.80146354628721,85.72228379745016,163728,59,24206
대원주유소,서울특별시 중랑구 동일로 600(면목동),37.5838637303809,127.08019306795,0.5888345679315371,0.16631097837160158,0.060189963291025515,88.16956531014107,86.08673573158748,163728,59,24206
오천만주유소,서울특별시 중랑구 동일로 547(면목동),37.5790810348626,127.079322001833,0.3197715712388011,0.20792878789770017,0.1549372915495606,88.68676229224532,86.59513437010482,163728,59,14836
면목self주유소,서울특별시 중랑구 동일로 627(면목동),37.5862835429022,127.07950354997,0.42243856398725,0.24789604484710284,0.22477176332349127,87.89549885192504,85.81158407377968,163728,59,24206
대양주유소,서울특별시 중랑구 봉우재로 105(상봉동),37.592617388835,127.084739909459,0.309973331918123,0.13699706573981707,0.218559664902882,87.2572165763498,85.2054775456418,163728,59,20612
㈜태영 구도일주유소 한인,서울특별시 중랑구 망우로 170(상봉동),37.5923859402544,127.071808414351,0.4447987082191897,0.337257766471981,0.1637392602909041,87.14087269776968,85.02457650002675,132385,59,24926
범아주유소,서울특별시 중랑구 동일로 881(묵동),37.6092287067076,127.077627212682,0.3394300914576301,0.0702742898933509,0.24199277337746802,85.34815200120896,83.27731835360277,78083,59,18624
우림주유소,서울특별시 중랑구 용마산로 487(망우동),37.5946340255077,127.09936381383,0.25418306267654606,0.21799863282204676,0.16289983057260377,87.21368947628636,85.2370390544671,33744,59,35905
(주)기지에너지,서울특별시 중랑구 용마산로 716(신내동),37.6147730910019,127.101943330314,0.6674652833288358,0.2811654809092845,0.3409671323521133,85.03706375520908,83.09656558079783,53465,59,38205
신내주유소,서울특별시 중랑구 용마산로 705(신내동),37.6141617433809,127.100926646741,0.6541637356356896,0.16868298053685138,0.4246351852426315,85.09057431067835,83.14413741590653,53465,59,38205
신일주유소,서울특별시 중랑구상봉로 58(망우동),37.5910104856682,127.093887634038,0.375612302366506,0.052331148383237804,0.3061705434223645,87.54295199893367,85.53507102665596,33744,59,33856
진양주유소,서울특별시 송파구 올림픽로 499(풍납동),37.5270124361515,127.118061832225,0.2822890875846821,0.038046316295940484,0.04135975365779015,94.88079047163288,92.92126859089173,79289,241,24426
잠실주유소 (셀프),서울특별시 송파구 송파대로 442(송파동),37.5063758984326,127.106656298253,0.4035301356184179,0.19318552900154315,0.29579135825559333,97.00216793860409,94.97061003016901,114268,241,16713
아시아주유소 (셀프),서울특별시 송파구 도곡로 438(잠실동),37.5046106505557,127.077393903247,0.10149475190905118,0.3220999231387404,0.3869035940111949,96.8754408015345,94.71152792899214,38760,241,9427
올림픽셀프주유소 (셀프),서울특별시 송파구 위례성대로 188(오금동),37.5097379558053,127.131862743873,0.10463453883015031,0.12796322581828856,0.18133859086565707,96.96435258958172,95.049454174533,105516,241,17804
석촌주유소 (셀프),서울특별시 송파구 백제고분로 289 (석촌동),37.5028882169283,127.09854306751,0.48464872624806477,0.2529590186900684,0.45248547061863054,97.29012851751922,95.21913649017274,114268,241,29912
상아주유소 (셀프),서울특별시 송파구 거마로 82(마천동),37.5001269475186,127.147837632763,0.2997467690424878,0.07505466814025057,0.2497257025830774,98.25080096289712,96.39693536695326,105516,241,18150
서울주유소,서울특별시 송파구 문정로 153(가락동),37.4932142265767,127.136397908655,0.5491695712866584,0.14534004820254443,0.240093337906078,98.83885769299836,96.9266997122501,85016,241,31670
대성주유소,서울특별시 송파구 마천로 230(마천동),37.5000478635493,127.143135663709,0.41387043131986495,0.190381250293853,0.29357764325476693,98.18874484267117,96.31384205666129,105516,241,38037
삼화셀프주유소 (셀프),서울특별시 송파구 백제고분로 125(잠실동),37.5066508882331,127.080887734191,0.2727803384148318,0.06170327999535547,0.26137067268944836,96.68525177453316,94.53853310412303,38760,241,9427
제트라인디엠주유소,서울특별시 송파구 중대로 183(가락동),37.4985459828951,127.125371637464,0.40811995827614006,0.2794737443619562,0.2925544168182501,98.10165645107017,96.14609343178395,85016,241,25883
잠실셀프주유소 (셀프),서울특별시 송파구 송파대로 397(석촌동),37.5027344100674,127.109010365586,0.32451920338162915,0.1110831426917905,0.16715170956205883,97.43117821766657,95.40676718109087,114268,241,31602
정직한 주유소 (셀프),서울특별시 송파구 오금로 455(거여동),37.4955776534144,127.140323807598,0.20181890833343694,0.17947659097878402,0.14819643546160216,98.63659136597059,96.74432538907786,85016,241,38037
방이주유소,서울특별시 송파구 위례성대로12길 38(방이동),37.510697303932,127.120691625554,0.13152963182105226,0.1621597892391876,0.16372800315263517,96.70592628349333,94.74166862069721,105516,241,26354
송파주유소 (셀프),서울특별시 송파구 송이로 28(송파동),37.5025530777453,127.116428012121,0.16395995643701067,0.15391236943024245,0.27298940181337655,97.54421030848934,95.55275064947128,85016,241,24008
가락로주유소 (셀프),서울특별시 송파구 가락로 47(석촌동),37.4995184526258,127.101735773908,0.12755865664052676,0.15834869481490305,0.18754858388136034,97.69781294935967,95.63806681682912,114268,241,31602
서원주유소,서울특별시 송파구 중대로 154(가락동),37.4957794385955,127.12478101547,0.4057588432794749,0.09762389484431744,0.14545353158625696,98.39721508156346,96.43625700707446,85016,241,25883
백제고분로주유소 (셀프),서울특별시 송파구 오금로 143(방이동),37.5110669836967,127.111049573145,0.4361800481247531,0.20370504226220632,0.3816687185032089,96.54080563187273,94.53343094937374,102555,241,26354
남성주유소,서울특별시 송파구 백제고분로 474(방이동),37.5126146696919,127.114042344325,0.2751118733645704,0.10843025550228984,0.1859164268652998,96.40872026485637,94.4163573332166,102555,241,26354
송파제일주유소 (셀프),서울특별시 송파구 삼학사로 50(석촌동),37.501693668377,127.097232908506,0.3505119504305658,0.23023615980299642,0.4050260091804919,97.40667570401577,95.32879992933809,114268,241,29912
퍼스트주유소 (셀프),서울특별시 송파구 삼학사로 22(석촌동),37.499307755111,127.097184353139,0.21676944786965083,0.09883779992595872,0.5134280671049454,97.66875366655138,95.58859655570507,114268,241,29912
훼미리주유소,서울특별시 송파구 중대로 58(문정동),37.491231007616,127.115353624591,0.4310440195100083,0.12519769764778507,0.3130388336894718,98.77408531853725,96.76705092182702,85016,241,27521
우리주유소,서울특별시 송파구 동남로 153(가락동),37.4924714993498,127.127383321556,0.4038178976305085,0.1642898298725559,0.12071457695337816,98.79510288912779,96.84234992541703,85016,241,31670
(주)유진주유소,서울특별시 송파구 동남로 325(오금동),37.5045223318768,127.138382736122,0.2339683280151653,0.11549279267109179,0.26226605334443615,97.62913581452426,95.73790201889786,105516,241,38037
남성대주유소(셀프),서울특별시 송파구 송파대로 52(장지동),37.4753715575202,127.127533028931,0.5796845026893958,0.28719456929908316,0.5072694806139757,100.67301741455512,98.70409331680288,118406,241,28841
완불주유소(셀프),서울특별시 송파구 송파대로 3(장지동),37.4711645321762,127.126135074857,1.0576591502290922,0.7569245050466241,0.15191912680058936,101.11622658250698,99.13723452496941,118406,241,28841
가든파이브주유소(셀프),서울특별시 송파구 탄천동로 740(장지동),37.4758375513871,127.12364117535,0.6500309105288088,0.38645155277811016,0.5168672636388488,100.57067798970424,98.58533907041017,118406,241,28841
스마트위례주유소(셀프),서울특별시 송파구 위례중앙로 43(장지동),37.4754115621354,127.132286388636,0.6099444030017609,0.1887311657605918,0.5123594624952089,100.732684628525,98.78439070875105,118406,241,29102
위례제일주유소(셀프),서울특별시 송파구 위례서로 260(거여동),37.4878161557458,127.142694072222,0.19703322531066086,0.21460942896450405,0.1956455559966133,99.52080007573603,97.63067134812682,85016,241,12255
위례드림주유소(셀프),서울특별시 송파구 위례중앙로10(장지동),37.4754218121822,127.128633567385,0.5761675680701831,0.2994558935063124,0.5273716623849377,100.68218363603252,98.71807534517865,118406,241,29102
세화주유소,서울특별시 중구 왕십리로 403 (신당동),37.5646782009732,127.025483219811,0.1980104542082663,0.051205313356690936,0.14142032510601318,89.82074617040539,87.45869685204515,46649,58,13459
씨앤에스유통(주) 장충드림주유소,서울특별시 중구 동호로 296 (장충동2가),37.560846711085,127.003414912986,0.22819385297720768,0.16399907730774377,0.22892104827558526,90.13144485122616,87.66335676393246,58984,58,6682
약수주유소,서울특별시 중구 다산로 173 (신당동),37.5590367888841,127.012667988504,0.09376023042026409,0.09202881446010718,0.059473923644256896,90.37455041403537,87.94901933418222,58984,58,9087
신당동주유소,서울특별시 중구 다산로 242 (신당동),37.5646079893536,127.016496017941,0.2967554592556485,0.33799928011970476,0.14560749751671903,89.7770330262492,87.3723571349723,46649,58,9087
주식회사 타이거통상 다산주유소,서울특별시 중구 다산로 233 (무학동),37.5639682094791,127.0157064028,0.28459888189982574,0.2391625998281544,0.16399483006039897,89.84372132871596,87.43497971729971,46649,58,9087
서남주유소,서울특별시 중구 통일로 30 (봉래동1가),37.5583842097102,126.972171955834,0.49205753211087544,0.2235380622204854,0.4326769889710727,90.3151712112293,87.70092864883934,48610,58,12338
필동주유소,서울특별시 중구 퇴계로 196 (필동2가),37.5608896587695,126.993676318183,0.5975253165095528,0.39003041030077645,0.22942106773319174,90.08980722787079,87.5761693075735,21837,58,1912
현대오일뱅크(주) 직영장원주유소,서울특별시 중구 동호로 203 (신당동),37.5560376839411,127.009276893403,0.36688102698753805,0.029928795554173573,0.3211784541581102,90.69054209234821,88.24770267970872,58984,58,5326
서울석유(주) 장충주유소,서울특별시 중구 장충단로 202 (장충동1가),37.5627543213087,127.007033732048,0.5195335032175954,0.054624555322933525,0.27888507117153244,89.93576818168393,87.48553321725463,58984,58,6682
SK에너지 직영 퇴계로주유소,서울특별시 중구 퇴계로 228 (필동2가),37.5617086193411,126.997140662184,0.3627401384654988,0.4301616940789026,0.15183995279055473,90.01117920098544,87.51406004892365,21837,58,6682
현대오일뱅크㈜직영 재동주유소,서울특별시 종로구 율곡로 58(경운동),37.5763469069387,126.985811114051,0.2096451972562828,0.3210706612483576,0.28339299676585056,88.35118938137788,85.80613138652595,55147,79,2642
주식회사 대양씨앤씨,서울특별시 종로구 사직로 65(사직동),37.5745415909136,126.966616657335,0.329562082885161,0.2657053363016086,0.2917055417871726,88.51487671004473,85.8786627300423,75515,79,9355
주식회사 대양씨앤씨 경복궁주유소,서울특별시 종로구 율곡로 6(중학동),37.5754538625026,126.979775832051,0.3209185384835704,0.14677074609298424,0.6550390532362731,88.43527801627256,85.86132514309529,55147,79,11818
㈜중앙에너비스 혜화지점,서울특별시 종로구 창경궁로35길 1(혜화동)  ,37.5860654223146,127.00107864406,0.21323039397410298,0.19251096665616405,0.15808575935659339,87.32584073523682,84.85784610985574,46010,79,19392
SK북악주유소,서울특별시 종로구 평창문화로137(평창동)    ,37.6098529710689,126.974864699167,0.7654316009396808,0.0666169182797038,0.18594075842358226,84.60833675620911,82.02122424878205,0,79,17858
안풍주유소,서울특별시 종로구 자하문로 303(홍지동) ,37.5992096931325,126.959167834981,0.2560939201076434,0.4299149418392234,0.4310190496028793,85.77148226236842,83.10504095652088,0,79,9536
자하문주유소,서울특별시 종로구 자하문로 248(부암동),37.5963008098912,126.964348123069,0.815781471350869,0.5903673191473592,0.14183115867252458,86.09776971130455,83.45571904683355,0,79,9536
㈜지에스이앤알 평창주유소,서울특별시 종로구 평창문화로 135(평창동)  ,37.609738479959,126.974559174167,0.7362040415821722,0.06873523184856722,0.1869818160800824,84.62047404009488,82.03181807543461,0,79,17858
구도일주유소 특종,서울특별시 종로구 평창문화로 90(평창동)     ,37.6067119673896,126.971046593297,0.29814884300608113,0.2548716113033361,0.3943628939639712,84.95042515785,82.34359836344983,0,79,17858
(주)홈런주유소,서울특별시 서초구 양재대로2길 100-30 (우면동),37.4572824578308,127.016168490217,0.2757109131024573,0.1291685347972954,0.32980192465368374,101.66799526533863,99.21279715956128,181066,236,42683
서초주유소,서울특별시 서초구 반포대로 64 (서초동),37.4862238886445,127.010772295666,0.21327885891887977,0.12583442372320117,0.15900033812114783,98.4355282768076,95.96915077708833,72622,236,32379
반포그린주유소,서울특별시 서초구 서초중앙로 239 (반포동),37.503204616056,127.010876972267,0.3416605034215964,0.20638120107224173,0.24236469365228241,96.55377403830259,94.09481350299046,39892,236,19486
지에스칼텍스(주)헌릉로주유소,서울특별시 서초구 헌릉로 177 (내곡동),37.4574039556534,127.060136995274,0.3831785131461548,0.2403551273563603,0.32583916349130715,101.93438855217225,99.6633045825525,231970,236,17455
(주)대농석유 남태령주유소,서울특별시 서초구 과천대로 838 (방배동),37.4668335881167,126.987972808104,0.3220943279102346,0.06941516984101885,0.12083312843474094,100.50602980943941,97.93672316125068,78555,236,18553
지에스칼텍스(주)내곡주유소,서울특별시 서초구 헌릉로 210 (내곡동),37.4553162163614,127.063080684487,0.19673370605307072,0.1574622002949116,0.07804417856677276,102.18903816732575,99.92905151242216,231970,236,17455
대성석유(주)연일주유소,서울특별시 서초구 남부순환로 2451 (서초동),37.4826019457759,127.018580385827,0.43559616226446685,0.40097810742766865,0.2985501800702062,98.87383969258113,96.4394287428693,72622,236,20622
현대오일뱅크(주)직영사평로주유소,서울특별시 서초구 사평대로 350 (서초동),37.503281185781,127.02150866453,0.4422289275732625,0.05332774907372725,0.1408667569593357,96.59789216781066,94.18560261644872,83560,236,34443
에쓰-오일(주)오토테크주유소,서울특별시 서초구 효령로 356 (서초동),37.4864968459389,127.023063981282,0.1552586087398633,0.12055482077641073,0.10699390518487154,98.46565236238403,96.05226428059697,229603,236,20622
지에스칼텍스(주) 선천주유소,서울특별시 서초구 동작대로 206 (방배동),37.4949333176608,126.983215580857,0.18760240434315958,0.05687881137830253,0.30096249329886665,97.37691604885887,94.79518643012331,95736,128,28786
태건석유(주)양재최고주유소,서울특별시 서초구 매헌로 72 (양재동),37.4671915776126,127.034715543613,0.7920721970862971,0.24335801590748019,0.1167980716664993,100.67108934965339,98.29815309134787,231970,236,21766
방배동주유소,서울특별시 서초구 효령로 29 (방배동),37.4781641318381,126.987763194218,0.2752210380075813,0.0716589409863478,0.18441743517438994,99.24848926400621,96.68146652782016,95736,236,18553
현대오일뱅크(주) 직영방배현대주유소,서울특별시 서초구 동작대로 182 (방배동),37.492753436692,126.983325076533,0.11876011224807552,0.2270181979082616,0.1454777900081715,97.61902401450428,95.03717474632296,95736,128,28786
서초꽃마을주유소,서울특별시 서초구 반포대로 69 (서초동),37.4864727516209,127.009679178115,0.14584384138224527,0.21171195769397835,0.0664525426443536,98.40314565334656,95.93217593512777,72622,236,32379
극동유화(주) 전당앞주유소,서울특별시 서초구 남부순환로 2391 (서초동),37.4805526438086,127.011978400234,0.23715329810129196,0.3376656169145136,0.2687249043153422,99.06954203017683,96.6060451015419,72622,236,32379
현대오일뱅크(주)직영양재현대주유소,서울특별시 서초구 마방로 6 (양재동),37.4735504238038,127.039695160631,0.32260892259053997,0.02785730382449749,0.5517734236988651,99.99897251489661,97.65046624639359,231970,236,42683
현대오일뱅크(주) 팔레스주유소,서울특별시 서초구 사평대로 136 (반포동),37.5001585428224,126.999179646152,0.21163638392643375,0.22808318597595142,0.0645031006977192,96.84412226734679,94.33296129047297,23053,236,15742
중앙주유소,서울특별시 서초구 바우뫼로 219 (양재동),37.481559699114,127.042231529687,0.5430954040245684,0.21064714152148603,0.29592240221431254,99.12967784373299,96.79638971275824,64381,236,42683
말죽거리주유소,서울특별시 서초구 남부순환로 2650 (양재동),37.4852151024163,127.040657880963,0.3632249511183825,0.2186042916961217,0.15376485653070868,98.7144709300187,96.3764070711287,64381,269,21274
(주)에이치앤디이 서울만남의광장주유소,서울특별시 서초구 양재대로12길 73-71 (원지동),37.4596446385464,127.042624862658,1.2903569027890602,0.6748938004054978,0.7558642907136784,101.557455766851,99.21398804791454,231970,236,21766
현대오일뱅크(주)직영서초제일주유소,서울특별시 서초구 사임당로 116 (서초동),37.4905850808047,127.022588286106,0.28915376789433017,0.23988327775577606,0.2089420619367609,98.01019215838404,95.59664795242797,229603,236,20622
서울석유(주)양재주유소,서울특별시 서초구 바우뫼로 178 (양재동),37.4780861398106,127.039597278471,0.7064006714125949,0.5308931147682575,0.643039090552067,99.49632936115843,97.14982471444821,63030,236,42683
태봉주유소,서울특별시 서초구 태봉로 117 (우면동),37.4682517426698,127.028145932927,0.3659213884051558,0.30096518855105475,0.26774803087604954,100.51477478858466,98.1145718330613,231970,236,42683
대신석유(주) 대우주유소,서울특별시 서초구 양재대로 173 (양재동),37.4628348082628,127.037147595122,1.0317462347547808,0.27011991792520207,0.41903720128181093,101.16862194330633,98.80376049619287,231970,236,21766
지에스칼텍스(주)남서울주유소,서울특별시 서초구 나루터로 83 (잠원동),37.5161552826768,127.018859270173,0.5322113151111254,0.16524276400003418,0.23480862621391901,95.15755177841666,92.73964171717002,83560,236,26393
대신석유(주) 서원주유소,서울특별시 서초구 반포대로 142 (서초동),37.492730944688,127.007571181715,0.3968172360970469,0.197408019985026,0.5144506142973484,97.70036444917098,95.2227842161491,87685,236,32379
신반포주유소,서울특별시 서초구 사평대로 94 (반포동),37.4983886833497,126.994998605875,0.40464856866202686,0.21707160870523604,0.4206427420872846,97.02616378592101,94.49626151200877,23053,236,292
에너지플러스 허브 삼방,서울특별시 서초구 사평대로 364 (서초동),37.5037327208746,127.023195609704,0.5410539824763585,0.1465388470307353,0.28641798363320164,96.55705031531845,94.15239369750098,83560,236,34443
대성산업(주)강남주유소,서울특별시 서초구 반포대로 284 (반포동),37.5046512165389,127.001827980942,0.4432751753748739,0.15565410250875858,0.2975606950948551,96.3557051983428,93.85772297877347,23053,236,15742
대성산업(주)터미널주유소,서울특별시 서초구 신반포로 222 (반포동),37.5068860321425,127.00872532633,0.3482378862948296,0.2196131527015436,0.21261817458157295,96.13613336176911,93.66926136711473,23053,236,22773
상계동주유소,서울특별시 노원구 노원로26길 191(상계동),37.6583847492925,127.071218588225,0.19425426723196035,0.2097804842316008,0.11437034307989741,79.86468587434473,77.81179849926826,37487,84,23737
한신주유소,서울특별시 노원구 동일로 1089(공릉동),37.6269756281327,127.071967647121,0.23313688088167386,0.19189128689935783,0.1440008996731472,83.33147878321721,81.24941496293543,147543,84,37184
월계주유소,서울특별시 노원구 월계로 252(월계동),37.6244413704143,127.050757889236,0.35683395802757867,0.21810423068063678,0.17994447084863668,83.40093812171654,81.2064379218846,147543,84,26066
신성주유소,서울특별시 노원구 월계로 328(월계동),37.628768841181,127.05737392402,0.30809305749224003,0.18879580346308497,0.11867709846669319,82.98445250544997,80.82811173968369,147543,84,26066
노원주유소,서울특별시 노원구 동일로 1008(공릉동),37.6202556594805,127.07507975998,0.18641000773659797,0.20340214079135652,0.20788128938302594,84.10570584454717,82.0329569692565,78083,84,37184
남선석유㈜ 구도일주유소 불암,서울특별시 노원구 한글비석로 268(중계동),37.6513325205984,127.077325056134,0.29549259110750836,0.20389401296723997,0.13645340234604364,80.71104612423869,78.68337792477223,37487,84,26580
SK에너지㈜직영상계주유소,서울특별시 노원구 노해로 527(상계동),37.6560120786901,127.066635239734,0.40124010103297064,0.09096031805194772,0.07673581585231401,80.07531983859378,77.99498260827889,37487,84,19629
성북역주유소,서울특별시 노원구 광운로 95(월계동),37.6260132376987,127.059963771248,0.39252112137879813,0.43453294569051265,0.11448978985233281,83.313515902674,81.16811016231038,147543,84,21580
하계삼호주유소,서울특별시 노원구 공릉로 294(하계동),37.6335890073283,127.072325002414,0.09310142549113354,0.12803919516208542,0.15275564706581699,82.6070480687119,80.53362228694223,147543,84,26982
삼육주유소,서울특별시 노원구 화랑로 822(공릉동),37.6386046072816,127.109024234645,0.5277310053565428,0.5622496846553915,2.2946837741947954,82.52367531864662,80.64991989942659,51450,84,42538
㈜이엠석유 배꽃나라주유소,서울특별시 노원구 화랑로 466(공릉동),37.618596156319,127.079175483364,0.4011813070385818,0.1380897997939345,0.25025421886805416,84.33445567342095,82.28111993765658,78083,84,37184
화랑대주유소,서울특별시 노원구 화랑로 483(공릉동),37.6195769270747,127.080835709226,0.37100087134765714,0.10658014979126285,0.16835119234739365,84.24562246731959,82.20187365445781,78083,84,42538
유한책임회사동하석유 태릉솔밭지점,서울특별시 노원구 노원로 49(공릉동),37.6259562863554,127.085549633788,0.3196998230099621,0.15929466245592186,0.16080357239865975,83.59981590351704,81.58739308558317,78083,84,42538
현대오일뱅크㈜직영 삼성동주유소,서울특별시 강남구 테헤란로 619(삼성동),37.5099155151471,127.065115207351,0.5395881342449597,0.19494672708914057,0.5291769060389593,96.17508302205638,93.96024189190594,38760,269,12739
대성석유㈜동호주유소,서울특별시 강남구 봉은사로113길 51(삼성동),37.5185133147555,127.064676315855,0.2086092099632683,0.35386211428475434,0.22913821807385698,95.22179384185664,93.01116908387847,144674,269,12739
(주)새서울주유소,서울특별시 강남구 압구정로 154 (신사동),37.5258295895753,127.026526394126,0.35393055470368,0.17039362665612126,0.3897507900118893,94.12874161813079,91.7501078150918,224541,269,15876
SK에너지㈜ 진달래주유소,서울특별시 강남구 도곡로 208(도곡동),37.4922419642868,127.041968417985,0.28745911757720577,0.25509564020341846,0.25752015528304534,97.94587203432742,95.61742386300737,64381,269,37269
현대오일뱅크㈜직영 한양주유소,서울특별시 강남구 압구정로 302(신사동),37.5288083225857,127.034160991395,0.1892349684002255,0.14176871265724802,0.2899952187643874,93.84664883298011,91.50428198412264,130255,269,25902
에스제이에너지산업(주)개포주유소,서울특별시 강남구 양재대로 339(개포동),37.4723695996899,127.051706222102,0.3999406457741403,0.20899418288458602,0.4805757391256572,100.21433269509623,97.91645228503506,231970,269,23639
㈜에스에스모터스 논현주유소 지점,서울특별시 강남구 논현로 747 (논현동),37.5185333217982,127.028244442649,0.44286097571089567,0.4037431313499867,0.23745799931943282,94.94694116132642,92.57219052792318,83560,269,15876
일원주유소,서울특별시 강남구 양재대로55길 3(일원동),37.4910581740806,127.087818878087,0.23199921771936544,0.05011478036414283,0.27947672103979865,98.47542396699964,96.3470290086168,163503,269,14987
대동석유 압구정주유소,서울특별시 강남구 언주로 842(신사동),37.5253467761709,127.033802833889,0.29924124836818033,0.18187034246917647,0.20391960123616273,94.22744133850317,91.88147230444099,130255,269,25902
현대오일뱅크 JJ네트웍스 JJ주유소,서울특별시 강남구 언주로 716(논현동),37.5176693667198,127.035822681301,0.3081259089698398,0.12870754382541758,0.08585012030964854,95.09044622975264,92.74922469463012,83560,269,20814
에너지플러스 허브 GS타워,서울특별시 강남구 논현로 516 (역삼동),37.5027340222428,127.036487434295,1.044307976385588,0.15216320238587075,0.30631295111805384,96.74784895054174,94.40122412822744,20957,269,35556
에쓰-오일(주)개나리주유소,서울특별시 강남구 언주로 423(역삼동),37.5008017584379,127.043077427217,0.4898191189108474,0.24814186850727324,0.5432195991369074,97.00657128081521,94.68790647723665,20957,269,35556
서광주유소,서울특별시 강남구  역삼로 142(역삼동),37.4943841027679,127.035078677738,0.25362288859269916,0.14761421793868965,0.11029623549116119,97.66297506217525,95.30563788369915,63030,269,35556
㈜선진주유소,서울특별시 강남구 도곡로 162 (도곡동),37.4910466850801,127.037701387421,0.367923475317899,0.07753632373335134,0.024559298342884946,98.04938114233424,95.70167862938186,63030,269,35556
현대오일뱅크㈜직영 도곡셀프주유소,서울특별시 강남구 남부순환로 2718 (도곡동),37.4854150814069,127.043319375098,0.34408742114983126,0.15175747038283557,0.29975615710301895,98.71060491345426,96.38416971116777,64381,269,21274
㈜보성 세곡주유소,서울특별시 강남구 헌릉로 731 (세곡동),37.4672717183911,127.118742598267,1.2000607273766826,0.7366846543921318,0.678122460621412,101.44886352974737,99.43446925738208,118406,269,43382
지에스칼텍스㈜ 주성주유소,서울특별시 강남구 영동대로 716 (청담동),37.5219744573657,127.056728809329,0.42685325732708,0.24071602387042007,0.292820649289086,94.77076114603118,92.52658770241834,136724,269,25489
주식회사 만정에너지,서울특별시 강남구 봉은사로 433(삼성동),37.5115512804432,127.047114626083,0.19019834856814788,0.1696737039583419,0.33036794843902045,95.8469124811698,93.5526347202554,20957,269,31062
유한책임회사 동하석유 (힐탑주유소),서울특별시 강남구 논현로 640 (논현동),37.5107346951545,127.032734745238,0.6299804554505637,0.33760857320093074,0.3114298830017865,95.8380690292261,93.47919889549726,83560,269,22080
대교주유소,서울특별시 강남구 강남대로 640 (신사동),37.5189616357236,127.019429526732,0.619020259574339,0.4081160885111599,0.1115586161352427,94.84964020428212,92.43561806653715,224541,236,26393
현대오일뱅크㈜직영 신사현대주유소,서울특별시 강남구 도산대로 163(신사동),37.5195029758336,127.026318277671,0.47495510591147666,0.20694577552443053,0.32182818646472083,94.82812818357951,92.44524489635575,83560,269,15876
지에스칼텍스㈜ 은마주유소,서울특별시 강남구 영동대로 235(대치동),37.500048799955,127.067184321975,0.5182296151242358,0.021165332542239845,0.16773871236193943,97.2830396753558,95.07039483174505,20957,269,37098
현대오일뱅크㈜ 산성셀프주유소,서울특별시 강남구 헌릉로 730(세곡동),37.466556801977,127.119065437775,1.2112159324109015,0.7911679966821809,0.6907038426062013,101.53145564562472,99.5177984848668,118406,269,43382
현대오일뱅크㈜ 직영 유진주유소,서울특별시 강남구 논현로 152 (도곡동),37.4833598928005,127.04279289071,0.40130042705215185,0.10465887064216686,0.21045325135466647,98.93434827556466,96.60448285539745,64381,269,21274
오일프러스 셀프주유소,서울특별시 강남구 남부순환로 2651 (도곡동),37.4858569015938,127.039563953841,0.25044571896069295,0.18580875662021293,0.23875225843752512,98.63609745493217,96.293652599995,63030,269,21274
㈜잠실에너지 명품주유소,서울특별시 강남구 도곡로 249(역삼동),37.4941658353154,127.045509037091,0.2078285026586294,0.1007365867393331,0.18934630303952024,97.75802400183338,95.4461552018787,64381,269,37269
자곡셀프주유소,서울특별시 강남구 밤고개로 120 (자곡동),37.4835336870413,127.104011797711,0.7684381952685447,0.42758751933208894,0.2283036403226673,99.48296960808845,97.41923756957999,114268,269,14402
㈜중앙에너비스 수서지점,서울특별시 강남구 광평로 202 (수서동),37.4840308926021,127.094990086002,0.6797330484171686,0.30226539558471305,0.19665524710477358,99.32642047451199,97.22373457848467,114268,269,23015
방죽주유소,서울특별시 강남구 밤고개로 215(자곡동),37.4749982222533,127.106869450908,0.13617643214720287,0.07798292006336713,0.43828928351953633,100.4553764193479,98.39667771858896,70937,269,43382
㈜소모에너지엔테크놀러지 쎈트럴주유소 ,서울특별시 강남구 삼성로 335(대치동),37.5014264471377,127.059074163314,0.4596173252342244,0.2411369371284904,0.13816853429091974,97.06071918800016,94.81311652786334,20957,269,19491
㈜비자인터내셔날학여울주유소,서울특별시 강남구 남부순환로 3170(대치동),37.4984484660486,127.077571649146,0.1647644482208609,0.4868441408002293,0.5170531929754686,97.55690095598683,95.38906599616321,163503,241,28358
지에스칼텍스㈜ 삼성로주유소,서울특별시 강남구 삼성로 563 (삼성동),37.5118848636563,127.053592956974,0.6068554007041264,0.1685640238456408,0.26972013929667477,95.86016072798222,93.59507561782176,20957,269,31062
한이에너지㈜ 쌍문주유소,서울특별시 도봉구 도봉로 547 (쌍문동),37.6540051043115,127.037537600995,0.2631866890291954,0.2457198827734899,0.17277761581634035,80.0228241925913,77.7835003308034,46744,47,18461
정다운주유소,서울특별시 도봉구 도봉로 635 (쌍문동),37.6611444410209,127.041693852595,0.21663847677005763,0.2983494052364583,0.2161886269523244,79.26821628657285,77.05743822458187,46744,47,28410
삼미상사㈜ 북부주유소,서울특별시 도봉구 도봉로 437 (쌍문동),37.6449722642179,127.032158920343,0.5212348463942289,0.185957687637253,0.16549600749948015,80.98006082414149,78.70484616631799,46744,47,16934
현대오일뱅크(주)직영 쌍문셀프주유소,서울특별시 도봉구 노해로 161 (쌍문동),37.6490837065592,127.026816404033,0.23674735322602591,0.11667277444423219,0.06836925868032866,80.48690133907911,78.18639511167083,46744,47,21445
현대오일뱅크㈜직영 영신주유소,서울특별시 도봉구 방학로 151 (방학동),37.6624183146713,127.035427675612,0.2901575497888003,0.16924340138698707,0.06904847677459056,79.07605306817753,76.83229090756589,46744,47,19354
㈜자연에너지 햇살주유소,서울특별시 도봉구 방학로 142 (방학동),37.6631054665765,127.036402243593,0.3352715313961287,0.11362391538240375,0.15380733859743556,79.00785064384569,76.76996543061452,46744,47,19354
구도일주유소 도봉,서울특별시 도봉구 도봉로 706 (방학동),37.6674517132657,127.043562669797,0.43198332541706574,0.22565391131427132,0.10827093618565524,78.58763921668987,76.39269673439466,87685,47,20622
GS칼텍스㈜ 방학동주유소,서울특별시 도봉구 방학로 186 (방학동),37.6624797249011,127.031423782992,0.1992359199081816,0.05970093276924155,0.13811660889028912,79.0383853014948,76.77290902564869,46744,47,26500
구도일주유소 파크빌,서울특별시 도봉구 해등로3길 86 (창동),37.6468441893808,127.039445115121,0.25784634768180964,0.14486937818176865,0.22456669969518336,80.8296739926728,78.59464249198457,46744,47,24502
대성산업㈜ 신창주유소,서울특별시 도봉구 덕릉로 267 (창동),37.641453403829,127.040298160768,0.2290776604893984,0.15391253217407314,0.1517136179508992,81.43238701644344,79.19745232612856,46744,47,28957
동일석유㈜ 창동주유소,서울특별시 도봉구 도봉로 434 (창동),37.644630640363,127.03270797948,0.5526835603704341,0.12992748951332092,0.21008632816311973,81.02192464168452,78.74935695973593,46744,47,16934
극동유화㈜ 대안주유소,서울특별시 도봉구 마들로 574 (창동),37.6615142612008,127.047499715993,0.2317548998520418,0.19989645788375623,0.14064549889080108,79.27833567186818,77.09948084194396,37487,47,28410
한이에너지㈜ KLP제1주유소,서울특별시 도봉구 도봉로 596 (창동),37.6577407598919,127.040523646244,0.2874270106354503,0.02321285547486388,0.1767191431865851,79.63441427932767,77.41433779276196,46744,47,18461
현대오일뱅크㈜직영 도봉현대셀프주유소,서울특별시 도봉구 도봉로 941 (도봉동),37.6883740291887,127.045327229383,0.36988692202047707,0.20442676656257558,0.2318865002560763,76.29332725102277,74.12797410235831,47600,47,20622
GS칼텍스㈜ 도봉주유소,서울특별시 도봉구 도봉로 895 (도봉동),37.6843693792253,127.045522281038,0.3933328184966153,0.21546341464802635,0.17854325211011532,76.7371841962742,74.56902318171957,47600,47,20622
(주)송만에너지 도봉제일주유소,서울특별시 도봉구 도봉로 783 (도봉동),37.6744735831616,127.044066665278,0.4290711260715375,0.11316978723851286,0.1766238174943597,77.81662952505141,75.63092382855348,87685,47,20622
노원교주유소,서울특별시 도봉구 마들로 776 (도봉동),37.679014779402,127.049750654086,0.5500589399121429,0.2017365620781297,0.09812000934227084,77.36761761816835,75.21792556265707,87685,47,26359
오복주유소,서울특별시 도봉구 방학로 43 (방학동),37.6622801187124,127.047441496273,0.1730714729116541,0.22533693673118546,0.18798950032025605,79.19325496418939,77.01479076602007,37487,47,28410
